numero_processo;classe;assuntos;municipio;data_ajuizamento;data_ajuizamento_hora;ultima_atualizacao;ultima_atualizacao_hora;formato;codigo;orgao_julgador
00010807420238160065;Ação Civil Pública;Área de Preservação Permanente;Cerro Azul;06/06/2023;13:58:06;;;{'codigo': 1, 'nome': 'Eletrônico'};00010807420238160065;CATANDUVAS - JUÍZO ÚNICO
00064393120158160147;Cumprimento de sentença;Área de Preservação Permanente;Rio Branco do Sul;08/12/2015;14:25:25;;;{'codigo': 1, 'nome': 'Eletrônico'};00064393120158160147;RIO BRANCO DO SUL - VARA CÍVEL, DA FAZENDA PÚBLICA, ACIDENTES DO TRABALHO, REGISTROS PÚBLICOS E CORREGEDORIA DO FORO EXTRAJUDICIAL
00064419820158160147;Procedimento Comum Cível;Área de Preservação Permanente;Rio Branco do Sul;08/12/2015;15:14:48;;;{'codigo': 1, 'nome': 'Eletrônico'};00064419820158160147;RIO BRANCO DO SUL - VARA CÍVEL, DA FAZENDA PÚBLICA, ACIDENTES DO TRABALHO, REGISTROS PÚBLICOS E CORREGEDORIA DO FORO EXTRAJUDICIAL
00025816320238160065;Procedimento Investigatório Criminal (PIC-MP) ;Flora, Poluição;Cerro Azul;29/11/2023;11:22:45;;;{'codigo': 1, 'nome': 'Eletrônico'};00025816320238160065;CATANDUVAS - JUÍZO ÚNICO
00020271820198160147;Ação Penal - Procedimento Sumaríssimo;Crimes contra o Meio Ambiente e o Patrimônio Genético;Rio Branco do Sul;09/07/2019;19:10:08;;;{'codigo': 1, 'nome': 'Eletrônico'};00020271820198160147;RIO BRANCO DO SUL - JUIZADO ESPECIAL CÍVEL, CRIMINAL E DA FAZENDA PÚBLICA
00008921320258160065;Representação Criminal/Notícia de Crime;Crimes contra o Meio Ambiente e o Patrimônio Genético;Cerro Azul;15/04/2025;18:21:41;;;{'codigo': 1, 'nome': 'Eletrônico'};00008921320258160065;CATANDUVAS - JUÍZO ÚNICO
00006345320228160147;Ação Penal - Procedimento Sumaríssimo;Crimes contra o Meio Ambiente e o Patrimônio Genético;Rio Branco do Sul;11/03/2022;10:41:38;;;{'codigo': 1, 'nome': 'Eletrônico'};00006345320228160147;RIO BRANCO DO SUL - JUIZADO ESPECIAL CÍVEL, CRIMINAL E DA FAZENDA PÚBLICA
00030457420198160147;Ação Penal - Procedimento Sumaríssimo;Crimes contra o Meio Ambiente e o Patrimônio Genético;Rio Branco do Sul;05/10/2019;14:59:07;;;{'codigo': 1, 'nome': 'Eletrônico'};00030457420198160147;RIO BRANCO DO SUL - JUIZADO ESPECIAL CÍVEL, CRIMINAL E DA FAZENDA PÚBLICA
00034931320208160147;Termo Circunstanciado;Crimes contra o Meio Ambiente e o Patrimônio Genético;Rio Branco do Sul;20/12/2020;18:10:20;;;{'codigo': 1, 'nome': 'Eletrônico'};00034931320208160147;RIO BRANCO DO SUL - JUIZADO ESPECIAL CÍVEL, CRIMINAL E DA FAZENDA PÚBLICA
00022644720228160147;Ação Penal - Procedimento Sumaríssimo;Crimes contra o Meio Ambiente e o Patrimônio Genético;Rio Branco do Sul;21/07/2022;12:33:26;;;{'codigo': 1, 'nome': 'Eletrônico'};00022644720228160147;RIO BRANCO DO SUL - JUIZADO ESPECIAL CÍVEL, CRIMINAL E DA FAZENDA PÚBLICA
00001490820228160065;Procedimento Investigatório Criminal (PIC-MP) ;Crimes contra o Meio Ambiente e o Patrimônio Genético;Cerro Azul;31/01/2022;11:02:19;;;{'codigo': 1, 'nome': 'Eletrônico'};00001490820228160065;CATANDUVAS - JUÍZO ÚNICO
00030104120248160147;Termo Circunstanciado;Crimes contra o Meio Ambiente e o Patrimônio Genético;Rio Branco do Sul;24/09/2024;10:25:58;;;{'codigo': 1, 'nome': 'Eletrônico'};00030104120248160147;RIO BRANCO DO SUL - JUIZADO ESPECIAL CÍVEL, CRIMINAL E DA FAZENDA PÚBLICA
00017145120158160065;Ação Penal - Procedimento Sumário;Crimes contra o Meio Ambiente e o Patrimônio Genético;Cerro Azul;04/09/2015;17:42:57;;;{'codigo': 1, 'nome': 'Eletrônico'};00017145120158160065;CATANDUVAS - JUÍZO ÚNICO
00018270620228160147;Inquérito Policial;Crimes contra o Meio Ambiente e o Patrimônio Genético;Rio Branco do Sul;09/06/2022;15:22:15;;;{'codigo': 1, 'nome': 'Eletrônico'};00018270620228160147;RIO BRANCO DO SUL - VARA CRIMINAL, INFÂNCIA E JUVENTUDE E FAMÍLIA E SUCESSÕES
00012845520228160065;Procedimento Investigatório Criminal (PIC-MP) ;Crimes contra o Meio Ambiente e o Patrimônio Genético;Cerro Azul;31/08/2022;16:21:12;;;{'codigo': 1, 'nome': 'Eletrônico'};00012845520228160065;CATANDUVAS - JUÍZO ÚNICO
00028192920168160065;Ação Penal - Procedimento Sumário;Crimes contra o Meio Ambiente e o Patrimônio Genético;Cerro Azul;15/12/2016;16:47:24;;;{'codigo': 1, 'nome': 'Eletrônico'};00028192920168160065;CATANDUVAS - JUÍZO ÚNICO
00008539420178160065;Ação Penal - Procedimento Sumário;Crimes contra o Meio Ambiente e o Patrimônio Genético;Cerro Azul;25/04/2017;16:15:24;;;{'codigo': 1, 'nome': 'Eletrônico'};00008539420178160065;CATANDUVAS - JUÍZO ÚNICO
00031194120138160147;Ação Penal - Procedimento Sumário;Crimes contra o Meio Ambiente e o Patrimônio Genético;Rio Branco do Sul;30/09/2013;16:26:24;;;{'codigo': 1, 'nome': 'Eletrônico'};00031194120138160147;RIO BRANCO DO SUL - VARA CRIMINAL, INFÂNCIA E JUVENTUDE E FAMÍLIA E SUCESSÕES
00016991420178160065;Ação Penal - Procedimento Sumário;Crimes contra o Meio Ambiente e o Patrimônio Genético;Cerro Azul;29/08/2017;12:35:55;;;{'codigo': 1, 'nome': 'Eletrônico'};00016991420178160065;CATANDUVAS - JUÍZO ÚNICO
00022396220178160065;Ação Penal - Procedimento Sumário;Crimes contra o Meio Ambiente e o Patrimônio Genético;Cerro Azul;16/11/2017;12:11:30;;;{'codigo': 1, 'nome': 'Eletrônico'};00022396220178160065;CATANDUVAS - JUÍZO ÚNICO
00016357720128160065;Ação Penal - Procedimento Sumário;Crimes contra o Meio Ambiente e o Patrimônio Genético;Cerro Azul;14/09/2012;12:32:43;;;{'codigo': 1, 'nome': 'Eletrônico'};00016357720128160065;CATANDUVAS - JUÍZO ÚNICO
00003910320168160024;Ação Penal - Procedimento Sumaríssimo;Crimes contra o Meio Ambiente e o Patrimônio Genético;Rio Branco do Sul;21/01/2016;14:48:33;;;{'codigo': 1, 'nome': 'Eletrônico'};00003910320168160024;RIO BRANCO DO SUL - JUIZADO ESPECIAL CÍVEL, CRIMINAL E DA FAZENDA PÚBLICA
00006500620158160065;Ação Penal - Procedimento Sumaríssimo;Crimes contra o Meio Ambiente e o Patrimônio Genético;Cerro Azul;16/04/2015;13:31:11;;;{'codigo': 1, 'nome': 'Eletrônico'};00006500620158160065;CATANDUVAS - JUÍZO ÚNICO
00011319020208160065;Termo Circunstanciado;Crimes contra o Meio Ambiente e o Patrimônio Genético;Cerro Azul;06/05/2020;19:00:46;;;{'codigo': 1, 'nome': 'Eletrônico'};00011319020208160065;CATANDUVAS - JUÍZO ÚNICO
00033208620208160147;Termo Circunstanciado;Crimes contra o Meio Ambiente e o Patrimônio Genético;Rio Branco do Sul;10/12/2020;21:03:50;;;{'codigo': 1, 'nome': 'Eletrônico'};00033208620208160147;RIO BRANCO DO SUL - JUIZADO ESPECIAL CÍVEL, CRIMINAL E DA FAZENDA PÚBLICA
00007757720198160147;Termo Circunstanciado;Crimes contra o Meio Ambiente e o Patrimônio Genético;Rio Branco do Sul;17/03/2019;12:34:19;;;{'codigo': 1, 'nome': 'Eletrônico'};00007757720198160147;RIO BRANCO DO SUL - JUIZADO ESPECIAL CÍVEL, CRIMINAL E DA FAZENDA PÚBLICA
00016362920208160147;Carta Precatória Criminal;Crimes contra o Meio Ambiente e o Patrimônio Genético;Rio Branco do Sul;04/06/2020;17:51:48;;;{'codigo': 1, 'nome': 'Eletrônico'};00016362920208160147;RIO BRANCO DO SUL - JUIZADO ESPECIAL CÍVEL, CRIMINAL E DA FAZENDA PÚBLICA
00075387620208160174;Termo Circunstanciado;Crimes contra o Meio Ambiente e o Patrimônio Genético;Bocaiúva do Sul;06/11/2020;13:56:11;;;{'codigo': 1, 'nome': 'Eletrônico'};00075387620208160174;UNIÃO DA VITÓRIA - JUIZADO ESPECIAL CÍVEL, CRIMINAL E DA FAZENDA PÚBLICA
00016553520208160147;Ação Penal - Procedimento Sumaríssimo;Crimes contra o Meio Ambiente e o Patrimônio Genético;Rio Branco do Sul;08/06/2020;11:19:37;;;{'codigo': 1, 'nome': 'Eletrônico'};00016553520208160147;RIO BRANCO DO SUL - JUIZADO ESPECIAL CÍVEL, CRIMINAL E DA FAZENDA PÚBLICA
00020653020198160147;Ação Penal - Procedimento Sumaríssimo;Crimes contra o Meio Ambiente e o Patrimônio Genético;Rio Branco do Sul;15/07/2019;10:08:29;;;{'codigo': 1, 'nome': 'Eletrônico'};00020653020198160147;RIO BRANCO DO SUL - JUIZADO ESPECIAL CÍVEL, CRIMINAL E DA FAZENDA PÚBLICA
00032301520198160147;Termo Circunstanciado;Crimes contra o Meio Ambiente e o Patrimônio Genético;Rio Branco do Sul;21/10/2019;13:01:57;;;{'codigo': 1, 'nome': 'Eletrônico'};00032301520198160147;RIO BRANCO DO SUL - JUIZADO ESPECIAL CÍVEL, CRIMINAL E DA FAZENDA PÚBLICA
00016830320208160147;Termo Circunstanciado;Crimes contra o Meio Ambiente e o Patrimônio Genético;Rio Branco do Sul;10/06/2020;14:36:56;;;{'codigo': 1, 'nome': 'Eletrônico'};00016830320208160147;RIO BRANCO DO SUL - JUIZADO ESPECIAL CÍVEL, CRIMINAL E DA FAZENDA PÚBLICA
00006146720198160147;Termo Circunstanciado;Crimes contra o Meio Ambiente e o Patrimônio Genético;Rio Branco do Sul;01/03/2019;12:42:40;;;{'codigo': 1, 'nome': 'Eletrônico'};00006146720198160147;RIO BRANCO DO SUL - JUIZADO ESPECIAL CÍVEL, CRIMINAL E DA FAZENDA PÚBLICA
00031891420208160147;Termo Circunstanciado;Crimes contra o Meio Ambiente e o Patrimônio Genético;Rio Branco do Sul;29/11/2020;15:31:54;;;{'codigo': 1, 'nome': 'Eletrônico'};00031891420208160147;RIO BRANCO DO SUL - JUIZADO ESPECIAL CÍVEL, CRIMINAL E DA FAZENDA PÚBLICA
00033234120208160147;Termo Circunstanciado;Crimes contra o Meio Ambiente e o Patrimônio Genético;Rio Branco do Sul;10/12/2020;22:28:45;;;{'codigo': 1, 'nome': 'Eletrônico'};00033234120208160147;RIO BRANCO DO SUL - JUIZADO ESPECIAL CÍVEL, CRIMINAL E DA FAZENDA PÚBLICA
00024053720208160147;Ação Penal - Procedimento Sumaríssimo;Crimes contra o Meio Ambiente e o Patrimônio Genético;Rio Branco do Sul;11/09/2020;11:15:34;;;{'codigo': 1, 'nome': 'Eletrônico'};00024053720208160147;RIO BRANCO DO SUL - JUIZADO ESPECIAL CÍVEL, CRIMINAL E DA FAZENDA PÚBLICA
00047294520228160174;Termo Circunstanciado;Crimes contra o Meio Ambiente e o Patrimônio Genético;Bocaiúva do Sul;12/07/2022;14:04:44;;;{'codigo': 1, 'nome': 'Eletrônico'};00047294520228160174;UNIÃO DA VITÓRIA - JUIZADO ESPECIAL CÍVEL, CRIMINAL E DA FAZENDA PÚBLICA
00027962120228160147;Carta Precatória Criminal;Crimes contra o Meio Ambiente e o Patrimônio Genético;Rio Branco do Sul;06/09/2022;19:30:02;;;{'codigo': 1, 'nome': 'Eletrônico'};00027962120228160147;RIO BRANCO DO SUL - JUIZADO ESPECIAL CÍVEL, CRIMINAL E DA FAZENDA PÚBLICA
00007148020238160147;Carta Precatória Criminal;Crimes contra o Meio Ambiente e o Patrimônio Genético;Rio Branco do Sul;27/02/2023;20:30:00;;;{'codigo': 1, 'nome': 'Eletrônico'};00007148020238160147;RIO BRANCO DO SUL - JUIZADO ESPECIAL CÍVEL, CRIMINAL E DA FAZENDA PÚBLICA
00009082220198160147;Ação Penal - Procedimento Sumaríssimo;Crimes contra o Meio Ambiente e o Patrimônio Genético;Rio Branco do Sul;28/03/2019;00:48:09;;;{'codigo': 1, 'nome': 'Eletrônico'};00009082220198160147;RIO BRANCO DO SUL - JUIZADO ESPECIAL CÍVEL, CRIMINAL E DA FAZENDA PÚBLICA
00038320620198160147;Termo Circunstanciado;Crimes contra o Meio Ambiente e o Patrimônio Genético;Rio Branco do Sul;10/12/2019;17:30:22;;;{'codigo': 1, 'nome': 'Eletrônico'};00038320620198160147;RIO BRANCO DO SUL - JUIZADO ESPECIAL CÍVEL, CRIMINAL E DA FAZENDA PÚBLICA
00001975120188160147;Termo Circunstanciado;Crimes contra o Meio Ambiente e o Patrimônio Genético;Rio Branco do Sul;24/01/2018;14:46:12;;;{'codigo': 1, 'nome': 'Eletrônico'};00001975120188160147;RIO BRANCO DO SUL - JUIZADO ESPECIAL CÍVEL, CRIMINAL E DA FAZENDA PÚBLICA
00009637020198160147;Ação Penal - Procedimento Sumaríssimo;Crimes contra o Meio Ambiente e o Patrimônio Genético;Rio Branco do Sul;30/03/2019;15:51:39;;;{'codigo': 1, 'nome': 'Eletrônico'};00009637020198160147;RIO BRANCO DO SUL - JUIZADO ESPECIAL CÍVEL, CRIMINAL E DA FAZENDA PÚBLICA
00002546420218160147;Termo Circunstanciado;Crimes contra o Meio Ambiente e o Patrimônio Genético;Rio Branco do Sul;30/01/2021;12:00:37;;;{'codigo': 1, 'nome': 'Eletrônico'};00002546420218160147;RIO BRANCO DO SUL - JUIZADO ESPECIAL CÍVEL, CRIMINAL E DA FAZENDA PÚBLICA
00019174220178160065;Termo Circunstanciado;Crimes contra o Meio Ambiente e o Patrimônio Genético;Cerro Azul;02/10/2017;11:09:23;;;{'codigo': 1, 'nome': 'Eletrônico'};00019174220178160065;CATANDUVAS - JUÍZO ÚNICO
00029172020208160147;Carta Precatória Criminal;Crimes contra o Meio Ambiente e o Patrimônio Genético;Rio Branco do Sul;05/11/2020;13:17:19;;;{'codigo': 1, 'nome': 'Eletrônico'};00029172020208160147;RIO BRANCO DO SUL - JUIZADO ESPECIAL CÍVEL, CRIMINAL E DA FAZENDA PÚBLICA
00025716920208160147;Carta Precatória Criminal;Crimes contra o Meio Ambiente e o Patrimônio Genético;Rio Branco do Sul;24/09/2020;11:00:07;;;{'codigo': 1, 'nome': 'Eletrônico'};00025716920208160147;RIO BRANCO DO SUL - JUIZADO ESPECIAL CÍVEL, CRIMINAL E DA FAZENDA PÚBLICA
00036920620188160147;Termo Circunstanciado;Crimes contra o Meio Ambiente e o Patrimônio Genético;Rio Branco do Sul;14/11/2018;20:56:48;;;{'codigo': 1, 'nome': 'Eletrônico'};00036920620188160147;RIO BRANCO DO SUL - JUIZADO ESPECIAL CÍVEL, CRIMINAL E DA FAZENDA PÚBLICA
00035150820198160147;Termo Circunstanciado;Crimes contra o Meio Ambiente e o Patrimônio Genético;Rio Branco do Sul;08/11/2019;09:45:48;;;{'codigo': 1, 'nome': 'Eletrônico'};00035150820198160147;RIO BRANCO DO SUL - JUIZADO ESPECIAL CÍVEL, CRIMINAL E DA FAZENDA PÚBLICA
00035169020198160147;Termo Circunstanciado;Crimes contra o Meio Ambiente e o Patrimônio Genético;Rio Branco do Sul;08/11/2019;10:12:32;;;{'codigo': 1, 'nome': 'Eletrônico'};00035169020198160147;RIO BRANCO DO SUL - JUIZADO ESPECIAL CÍVEL, CRIMINAL E DA FAZENDA PÚBLICA
00017462820208160147;Termo Circunstanciado;Crimes contra o Meio Ambiente e o Patrimônio Genético;Rio Branco do Sul;18/06/2020;13:13:10;;;{'codigo': 1, 'nome': 'Eletrônico'};00017462820208160147;RIO BRANCO DO SUL - JUIZADO ESPECIAL CÍVEL, CRIMINAL E DA FAZENDA PÚBLICA
00020509020218160147;Carta Precatória Criminal;Crimes contra o Meio Ambiente e o Patrimônio Genético;Rio Branco do Sul;22/07/2021;16:00:03;;;{'codigo': 1, 'nome': 'Eletrônico'};00020509020218160147;RIO BRANCO DO SUL - JUIZADO ESPECIAL CÍVEL, CRIMINAL E DA FAZENDA PÚBLICA
00018701120208160147;Termo Circunstanciado;Crimes contra o Meio Ambiente e o Patrimônio Genético;Rio Branco do Sul;07/07/2020;15:39:57;;;{'codigo': 1, 'nome': 'Eletrônico'};00018701120208160147;RIO BRANCO DO SUL - JUIZADO ESPECIAL CÍVEL, CRIMINAL E DA FAZENDA PÚBLICA
00034180820198160147;Termo Circunstanciado;Crimes contra o Meio Ambiente e o Patrimônio Genético;Rio Branco do Sul;04/11/2019;12:24:35;;;{'codigo': 1, 'nome': 'Eletrônico'};00034180820198160147;RIO BRANCO DO SUL - JUIZADO ESPECIAL CÍVEL, CRIMINAL E DA FAZENDA PÚBLICA
00004448420188160065;Termo Circunstanciado;Crimes contra o Meio Ambiente e o Patrimônio Genético;Cerro Azul;12/03/2018;20:08:57;;;{'codigo': 1, 'nome': 'Eletrônico'};00004448420188160065;CATANDUVAS - JUÍZO ÚNICO
00018554220208160147;Termo Circunstanciado;Crimes contra o Meio Ambiente e o Patrimônio Genético;Rio Branco do Sul;03/07/2020;19:44:16;;;{'codigo': 1, 'nome': 'Eletrônico'};00018554220208160147;RIO BRANCO DO SUL - JUIZADO ESPECIAL CÍVEL, CRIMINAL E DA FAZENDA PÚBLICA
00009081120188160065;Termo Circunstanciado;Crimes contra o Meio Ambiente e o Patrimônio Genético;Cerro Azul;07/05/2018;12:20:39;;;{'codigo': 1, 'nome': 'Eletrônico'};00009081120188160065;CATANDUVAS - JUÍZO ÚNICO
00001552520168160065;Inquérito Policial;Crimes contra o Meio Ambiente e o Patrimônio Genético;Cerro Azul;29/01/2016;12:32:18;;;{'codigo': 1, 'nome': 'Eletrônico'};00001552520168160065;CATANDUVAS - JUÍZO ÚNICO
00025018620198160147;Termo Circunstanciado;Crimes contra o Meio Ambiente e o Patrimônio Genético;Rio Branco do Sul;20/08/2019;10:46:32;;;{'codigo': 1, 'nome': 'Eletrônico'};00025018620198160147;RIO BRANCO DO SUL - JUIZADO ESPECIAL CÍVEL, CRIMINAL E DA FAZENDA PÚBLICA
00006224420198160147;Termo Circunstanciado;Crimes contra o Meio Ambiente e o Patrimônio Genético;Rio Branco do Sul;01/03/2019;13:42:07;;;{'codigo': 1, 'nome': 'Eletrônico'};00006224420198160147;RIO BRANCO DO SUL - JUIZADO ESPECIAL CÍVEL, CRIMINAL E DA FAZENDA PÚBLICA
00021727420198160147;Carta Precatória Criminal;Crimes contra o Meio Ambiente e o Patrimônio Genético;Rio Branco do Sul;23/07/2019;17:31:06;;;{'codigo': 1, 'nome': 'Eletrônico'};00021727420198160147;RIO BRANCO DO SUL - JUIZADO ESPECIAL CÍVEL, CRIMINAL E DA FAZENDA PÚBLICA
00009409020208160147;Carta Precatória Criminal;Crimes contra o Meio Ambiente e o Patrimônio Genético;Rio Branco do Sul;17/03/2020;17:45:51;;;{'codigo': 1, 'nome': 'Eletrônico'};00009409020208160147;RIO BRANCO DO SUL - JUIZADO ESPECIAL CÍVEL, CRIMINAL E DA FAZENDA PÚBLICA
00006718520198160147;Carta Precatória Criminal;Crimes contra o Meio Ambiente e o Patrimônio Genético;Rio Branco do Sul;08/03/2019;03:00:00;;;{'codigo': 1, 'nome': 'Eletrônico'};00006718520198160147;RIO BRANCO DO SUL - JUIZADO ESPECIAL CÍVEL, CRIMINAL E DA FAZENDA PÚBLICA
00010433420198160147;Termo Circunstanciado;Crimes contra o Meio Ambiente e o Patrimônio Genético;Rio Branco do Sul;08/04/2019;15:11:06;;;{'codigo': 1, 'nome': 'Eletrônico'};00010433420198160147;RIO BRANCO DO SUL - JUIZADO ESPECIAL CÍVEL, CRIMINAL E DA FAZENDA PÚBLICA
00002554920218160147;Termo Circunstanciado;Crimes contra o Meio Ambiente e o Patrimônio Genético;Rio Branco do Sul;30/01/2021;12:09:51;;;{'codigo': 1, 'nome': 'Eletrônico'};00002554920218160147;RIO BRANCO DO SUL - JUIZADO ESPECIAL CÍVEL, CRIMINAL E DA FAZENDA PÚBLICA
00007099720198160147;Termo Circunstanciado;Crimes contra o Meio Ambiente e o Patrimônio Genético;Rio Branco do Sul;12/03/2019;10:32:58;;;{'codigo': 1, 'nome': 'Eletrônico'};00007099720198160147;RIO BRANCO DO SUL - JUIZADO ESPECIAL CÍVEL, CRIMINAL E DA FAZENDA PÚBLICA
00003392120198160147;Termo Circunstanciado;Crimes contra o Meio Ambiente e o Patrimônio Genético;Rio Branco do Sul;06/02/2019;16:58:14;;;{'codigo': 1, 'nome': 'Eletrônico'};00003392120198160147;RIO BRANCO DO SUL - JUIZADO ESPECIAL CÍVEL, CRIMINAL E DA FAZENDA PÚBLICA
00046448720158160147;Termo Circunstanciado;Crimes contra o Meio Ambiente e o Patrimônio Genético;Rio Branco do Sul;15/09/2015;15:10:02;;;{'codigo': 1, 'nome': 'Eletrônico'};00046448720158160147;RIO BRANCO DO SUL - JUIZADO ESPECIAL CÍVEL, CRIMINAL E DA FAZENDA PÚBLICA
00032276020198160147;Termo Circunstanciado;Crimes contra o Meio Ambiente e o Patrimônio Genético;Rio Branco do Sul;21/10/2019;10:56:29;;;{'codigo': 1, 'nome': 'Eletrônico'};00032276020198160147;RIO BRANCO DO SUL - JUIZADO ESPECIAL CÍVEL, CRIMINAL E DA FAZENDA PÚBLICA
00008631820198160147;Termo Circunstanciado;Crimes contra o Meio Ambiente e o Patrimônio Genético;Rio Branco do Sul;26/03/2019;12:14:37;;;{'codigo': 1, 'nome': 'Eletrônico'};00008631820198160147;RIO BRANCO DO SUL - JUIZADO ESPECIAL CÍVEL, CRIMINAL E DA FAZENDA PÚBLICA
00017020920208160147;Termo Circunstanciado;Crimes contra o Meio Ambiente e o Patrimônio Genético;Rio Branco do Sul;11/06/2020;14:08:29;;;{'codigo': 1, 'nome': 'Eletrônico'};00017020920208160147;RIO BRANCO DO SUL - JUIZADO ESPECIAL CÍVEL, CRIMINAL E DA FAZENDA PÚBLICA
00022284420188160147;Termo Circunstanciado;Crimes contra o Meio Ambiente e o Patrimônio Genético;Rio Branco do Sul;13/07/2018;13:00:32;;;{'codigo': 1, 'nome': 'Eletrônico'};00022284420188160147;RIO BRANCO DO SUL - JUIZADO ESPECIAL CÍVEL, CRIMINAL E DA FAZENDA PÚBLICA
00034111620198160147;Termo Circunstanciado;Crimes contra o Meio Ambiente e o Patrimônio Genético;Rio Branco do Sul;02/11/2019;13:37:37;;;{'codigo': 1, 'nome': 'Eletrônico'};00034111620198160147;RIO BRANCO DO SUL - JUIZADO ESPECIAL CÍVEL, CRIMINAL E DA FAZENDA PÚBLICA
00002170820198160147;Termo Circunstanciado;Crimes contra o Meio Ambiente e o Patrimônio Genético;Rio Branco do Sul;26/01/2019;20:36:45;;;{'codigo': 1, 'nome': 'Eletrônico'};00002170820198160147;RIO BRANCO DO SUL - JUIZADO ESPECIAL CÍVEL, CRIMINAL E DA FAZENDA PÚBLICA
00020860620198160147;Termo Circunstanciado;Crimes contra o Meio Ambiente e o Patrimônio Genético;Rio Branco do Sul;15/07/2019;19:09:07;;;{'codigo': 1, 'nome': 'Eletrônico'};00020860620198160147;RIO BRANCO DO SUL - JUIZADO ESPECIAL CÍVEL, CRIMINAL E DA FAZENDA PÚBLICA
00004043420208160065;Carta Precatória Criminal;Crimes contra o Meio Ambiente e o Patrimônio Genético;Cerro Azul;07/02/2020;16:27:33;;;{'codigo': 1, 'nome': 'Eletrônico'};00004043420208160065;CATANDUVAS - JUÍZO ÚNICO
00109525320188160174;Termo Circunstanciado;Crimes contra o Meio Ambiente e o Patrimônio Genético;Bocaiúva do Sul;13/11/2018;10:11:28;;;{'codigo': 1, 'nome': 'Eletrônico'};00109525320188160174;UNIÃO DA VITÓRIA - JUIZADO ESPECIAL CÍVEL, CRIMINAL E DA FAZENDA PÚBLICA
00008120720198160147;Termo Circunstanciado;Crimes contra o Meio Ambiente e o Patrimônio Genético;Rio Branco do Sul;21/03/2019;15:43:50;;;{'codigo': 1, 'nome': 'Eletrônico'};00008120720198160147;RIO BRANCO DO SUL - JUIZADO ESPECIAL CÍVEL, CRIMINAL E DA FAZENDA PÚBLICA
00033225620208160147;Ação Penal - Procedimento Sumaríssimo;Crimes contra o Meio Ambiente e o Patrimônio Genético;Rio Branco do Sul;10/12/2020;21:28:30;;;{'codigo': 1, 'nome': 'Eletrônico'};00033225620208160147;RIO BRANCO DO SUL - JUIZADO ESPECIAL CÍVEL, CRIMINAL E DA FAZENDA PÚBLICA
00000267620198160174;Termo Circunstanciado;Crimes contra o Meio Ambiente e o Patrimônio Genético;Bocaiúva do Sul;03/01/2019;14:53:08;;;{'codigo': 1, 'nome': 'Eletrônico'};00000267620198160174;UNIÃO DA VITÓRIA - JUIZADO ESPECIAL CÍVEL, CRIMINAL E DA FAZENDA PÚBLICA
00006415020198160147;Termo Circunstanciado;Crimes contra o Meio Ambiente e o Patrimônio Genético;Rio Branco do Sul;01/03/2019;17:59:22;;;{'codigo': 1, 'nome': 'Eletrônico'};00006415020198160147;RIO BRANCO DO SUL - JUIZADO ESPECIAL CÍVEL, CRIMINAL E DA FAZENDA PÚBLICA
00032033220198160147;Termo Circunstanciado;Crimes contra o Meio Ambiente e o Patrimônio Genético;Rio Branco do Sul;17/10/2019;14:16:52;;;{'codigo': 1, 'nome': 'Eletrônico'};00032033220198160147;RIO BRANCO DO SUL - JUIZADO ESPECIAL CÍVEL, CRIMINAL E DA FAZENDA PÚBLICA
00016862620188160147;Termo Circunstanciado;Crimes contra o Meio Ambiente e o Patrimônio Genético;Rio Branco do Sul;29/05/2018;15:39:14;;;{'codigo': 1, 'nome': 'Eletrônico'};00016862620188160147;RIO BRANCO DO SUL - JUIZADO ESPECIAL CÍVEL, CRIMINAL E DA FAZENDA PÚBLICA
00012940720198160065;Carta Precatória Criminal;Crimes contra o Meio Ambiente e o Patrimônio Genético;Cerro Azul;27/05/2019;18:00:17;;;{'codigo': 1, 'nome': 'Eletrônico'};00012940720198160065;CATANDUVAS - JUÍZO ÚNICO
00017419220198160065;Inquérito Policial;Crimes contra o Meio Ambiente e o Patrimônio Genético;Cerro Azul;16/07/2019;15:10:49;;;{'codigo': 1, 'nome': 'Eletrônico'};00017419220198160065;CATANDUVAS - JUÍZO ÚNICO
00031851120198160147;Termo Circunstanciado;Crimes contra o Meio Ambiente e o Patrimônio Genético;Rio Branco do Sul;16/10/2019;17:09:05;;;{'codigo': 1, 'nome': 'Eletrônico'};00031851120198160147;RIO BRANCO DO SUL - JUIZADO ESPECIAL CÍVEL, CRIMINAL E DA FAZENDA PÚBLICA
00022654720138160147;Termo Circunstanciado;Crimes contra o Meio Ambiente e o Patrimônio Genético;Rio Branco do Sul;30/07/2013;12:32:40;;;{'codigo': 1, 'nome': 'Eletrônico'};00022654720138160147;RIO BRANCO DO SUL - JUIZADO ESPECIAL CÍVEL, CRIMINAL E DA FAZENDA PÚBLICA
00009798620138160065;Termo Circunstanciado;Crimes contra o Meio Ambiente e o Patrimônio Genético;Cerro Azul;14/06/2013;12:49:29;;;{'codigo': 1, 'nome': 'Eletrônico'};00009798620138160065;CATANDUVAS - JUÍZO ÚNICO
00023237420188160147;Termo Circunstanciado;Crimes contra o Meio Ambiente e o Patrimônio Genético;Rio Branco do Sul;20/07/2018;16:36:49;;;{'codigo': 1, 'nome': 'Eletrônico'};00023237420188160147;RIO BRANCO DO SUL - JUIZADO ESPECIAL CÍVEL, CRIMINAL E DA FAZENDA PÚBLICA
00022300320178160065;Ação Penal - Procedimento Sumaríssimo;Crimes contra o Meio Ambiente e o Patrimônio Genético;Cerro Azul;14/11/2017;00:21:06;;;{'codigo': 1, 'nome': 'Eletrônico'};00022300320178160065;CATANDUVAS - JUÍZO ÚNICO
00003427320198160147;Ação Penal - Procedimento Sumaríssimo;Crimes contra o Meio Ambiente e o Patrimônio Genético;Rio Branco do Sul;07/02/2019;10:17:18;;;{'codigo': 1, 'nome': 'Eletrônico'};00003427320198160147;RIO BRANCO DO SUL - JUIZADO ESPECIAL CÍVEL, CRIMINAL E DA FAZENDA PÚBLICA
00008611420208160147;Ação Penal - Procedimento Sumaríssimo;Crimes contra o Meio Ambiente e o Patrimônio Genético;Rio Branco do Sul;12/03/2020;18:24:42;;;{'codigo': 1, 'nome': 'Eletrônico'};00008611420208160147;RIO BRANCO DO SUL - JUIZADO ESPECIAL CÍVEL, CRIMINAL E DA FAZENDA PÚBLICA
00006671420208160147;Procedimento Investigatório Criminal (PIC-MP) ;Crimes contra o Meio Ambiente e o Patrimônio Genético;Rio Branco do Sul;21/02/2020;16:37:27;;;{'codigo': 1, 'nome': 'Eletrônico'};00006671420208160147;RIO BRANCO DO SUL - VARA CRIMINAL, INFÂNCIA E JUVENTUDE E FAMÍLIA E SUCESSÕES
00024377620198160147;Carta Precatória Criminal;Crimes contra o Meio Ambiente e o Patrimônio Genético;Rio Branco do Sul;13/08/2019;12:00:00;;;{'codigo': 1, 'nome': 'Eletrônico'};00024377620198160147;RIO BRANCO DO SUL - VARA CRIMINAL, INFÂNCIA E JUVENTUDE E FAMÍLIA E SUCESSÕES
00024526320208160065;Carta Precatória Criminal;Crimes contra o Meio Ambiente e o Patrimônio Genético;Cerro Azul;27/10/2020;18:00:25;;;{'codigo': 1, 'nome': 'Eletrônico'};00024526320208160065;CATANDUVAS - JUÍZO ÚNICO
00004345120198160147;Procedimento Investigatório Criminal (PIC-MP) ;Crimes contra o Meio Ambiente e o Patrimônio Genético;Rio Branco do Sul;14/02/2019;13:28:14;;;{'codigo': 1, 'nome': 'Eletrônico'};00004345120198160147;RIO BRANCO DO SUL - VARA CRIMINAL, INFÂNCIA E JUVENTUDE E FAMÍLIA E SUCESSÕES
00007854220208160065;Carta Precatória Criminal;Crimes contra o Meio Ambiente e o Patrimônio Genético;Cerro Azul;24/03/2020;14:30:24;;;{'codigo': 1, 'nome': 'Eletrônico'};00007854220208160065;CATANDUVAS - JUÍZO ÚNICO
00001473820228160065;Procedimento Investigatório Criminal (PIC-MP) ;Crimes contra o Meio Ambiente e o Patrimônio Genético;Cerro Azul;31/01/2022;10:45:54;;;{'codigo': 1, 'nome': 'Eletrônico'};00001473820228160065;CATANDUVAS - JUÍZO ÚNICO
00025880820208160147;Carta Precatória Criminal;Crimes contra o Meio Ambiente e o Patrimônio Genético;Rio Branco do Sul;25/09/2020;08:30:04;;;{'codigo': 1, 'nome': 'Eletrônico'};00025880820208160147;RIO BRANCO DO SUL - VARA CRIMINAL, INFÂNCIA E JUVENTUDE E FAMÍLIA E SUCESSÕES
00028176520208160147;Carta Precatória Criminal;Crimes contra o Meio Ambiente e o Patrimônio Genético;Rio Branco do Sul;21/10/2020;17:00:14;;;{'codigo': 1, 'nome': 'Eletrônico'};00028176520208160147;RIO BRANCO DO SUL - VARA CRIMINAL, INFÂNCIA E JUVENTUDE E FAMÍLIA E SUCESSÕES
00015369720188160065;Inquérito Policial;Crimes contra o Meio Ambiente e o Patrimônio Genético;Cerro Azul;01/08/2018;14:46:59;;;{'codigo': 1, 'nome': 'Eletrônico'};00015369720188160065;CATANDUVAS - JUÍZO ÚNICO
00022277720198160065;Carta Precatória Criminal;Crimes contra o Meio Ambiente e o Patrimônio Genético;Cerro Azul;05/09/2019;15:01:07;;;{'codigo': 1, 'nome': 'Eletrônico'};00022277720198160065;CATANDUVAS - JUÍZO ÚNICO
00003376920208160065;Carta Precatória Criminal;Crimes contra o Meio Ambiente e o Patrimônio Genético;Cerro Azul;30/01/2020;18:00:21;;;{'codigo': 1, 'nome': 'Eletrônico'};00003376920208160065;CATANDUVAS - JUÍZO ÚNICO
00007932420178160065;Carta Precatória Criminal;Crimes contra o Meio Ambiente e o Patrimônio Genético;Cerro Azul;19/04/2017;17:59:46;;;{'codigo': 1, 'nome': 'Eletrônico'};00007932420178160065;CATANDUVAS - JUÍZO ÚNICO
00028850420198160065;Carta Precatória Criminal;Crimes contra o Meio Ambiente e o Patrimônio Genético;Cerro Azul;04/11/2019;18:00:34;;;{'codigo': 1, 'nome': 'Eletrônico'};00028850420198160065;CATANDUVAS - JUÍZO ÚNICO
00008411220198160065;Inquérito Policial;Crimes contra o Meio Ambiente e o Patrimônio Genético;Cerro Azul;05/04/2019;12:31:13;;;{'codigo': 1, 'nome': 'Eletrônico'};00008411220198160065;CATANDUVAS - JUÍZO ÚNICO
00002833020258160065;Representação Criminal/Notícia de Crime;Poluição;Cerro Azul;07/02/2025;17:27:06;;;{'codigo': 1, 'nome': 'Eletrônico'};00002833020258160065;CATANDUVAS - JUÍZO ÚNICO
00007222320248160147;Ação Penal - Procedimento Sumaríssimo;Poluição;Rio Branco do Sul;08/03/2024;10:15:08;;;{'codigo': 1, 'nome': 'Eletrônico'};00007222320248160147;RIO BRANCO DO SUL - JUIZADO ESPECIAL CÍVEL, CRIMINAL E DA FAZENDA PÚBLICA
00019046720228160065;Cumprimento de sentença;Poluição;Cerro Azul;15/12/2022;17:18:33;;;{'codigo': 1, 'nome': 'Eletrônico'};00019046720228160065;CATANDUVAS - JUÍZO ÚNICO
00007739120218160065;Ação Penal - Procedimento Ordinário;Poluição;Cerro Azul;07/06/2021;18:00:14;;;{'codigo': 1, 'nome': 'Eletrônico'};00007739120218160065;CATANDUVAS - JUÍZO ÚNICO
00003826820238160065;Ação Civil Pública;Poluição;Cerro Azul;08/03/2023;16:49:41;;;{'codigo': 1, 'nome': 'Eletrônico'};00003826820238160065;CATANDUVAS - JUÍZO ÚNICO
00034146320228160147;Termo Circunstanciado;Poluição;Rio Branco do Sul;15/11/2022;08:48:13;;;{'codigo': 1, 'nome': 'Eletrônico'};00034146320228160147;RIO BRANCO DO SUL - JUIZADO ESPECIAL CÍVEL, CRIMINAL E DA FAZENDA PÚBLICA
00032638120248160065;Ação Penal - Procedimento Ordinário;Poluição;Cerro Azul;19/12/2024;15:22:46;;;{'codigo': 1, 'nome': 'Eletrônico'};00032638120248160065;CATANDUVAS - JUÍZO ÚNICO
00001426620198160147;Ação Penal - Procedimento Ordinário;Poluição;Rio Branco do Sul;21/01/2019;13:46:31;;;{'codigo': 1, 'nome': 'Eletrônico'};00001426620198160147;RIO BRANCO DO SUL - VARA CRIMINAL, INFÂNCIA E JUVENTUDE E FAMÍLIA E SUCESSÕES
00011209020228160065;Ação Civil Pública;Poluição;Cerro Azul;27/07/2022;18:55:59;;;{'codigo': 1, 'nome': 'Eletrônico'};00011209020228160065;CATANDUVAS - JUÍZO ÚNICO
00011442120228160065;Ação Civil Pública;Poluição;Cerro Azul;02/08/2022;16:43:51;;;{'codigo': 1, 'nome': 'Eletrônico'};00011442120228160065;CATANDUVAS - JUÍZO ÚNICO
00011242220158160147;Crimes Ambientais;Poluição;Rio Branco do Sul;10/03/2015;16:45:47;;;{'codigo': 1, 'nome': 'Eletrônico'};00011242220158160147;RIO BRANCO DO SUL - VARA CRIMINAL, INFÂNCIA E JUVENTUDE E FAMÍLIA E SUCESSÕES
00022066220238160065;Procedimento Investigatório Criminal (PIC-MP) ;Poluição;Cerro Azul;10/10/2023;11:35:46;;;{'codigo': 1, 'nome': 'Eletrônico'};00022066220238160065;CATANDUVAS - JUÍZO ÚNICO
00000324320148160147;Ação Penal - Procedimento Ordinário;Poluição;Rio Branco do Sul;07/01/2014;00:00:00;;;{'codigo': 1, 'nome': 'Eletrônico'};00000324320148160147;RIO BRANCO DO SUL - VARA CRIMINAL, INFÂNCIA E JUVENTUDE E FAMÍLIA E SUCESSÕES
00009693220198160065;Ação Popular;Poluição;Cerro Azul;22/04/2019;10:34:31;;;{'codigo': 1, 'nome': 'Eletrônico'};00009693220198160065;CATANDUVAS - JUÍZO ÚNICO
00025703420238160065;Procedimento Investigatório Criminal (PIC-MP) ;Poluição;Cerro Azul;28/11/2023;13:25:25;;;{'codigo': 1, 'nome': 'Eletrônico'};00025703420238160065;CATANDUVAS - JUÍZO ÚNICO
00000184920208160147;Ação Penal - Procedimento Sumaríssimo;Poluição;Rio Branco do Sul;07/01/2020;15:33:28;;;{'codigo': 1, 'nome': 'Eletrônico'};00000184920208160147;RIO BRANCO DO SUL - VARA CRIMINAL, INFÂNCIA E JUVENTUDE E FAMÍLIA E SUCESSÕES
00026076120238160065;Termo Circunstanciado;Poluição;Cerro Azul;30/11/2023;15:43:56;;;{'codigo': 1, 'nome': 'Eletrônico'};00026076120238160065;CATANDUVAS - JUÍZO ÚNICO
00014000920228160147;Termo Circunstanciado;Poluição;Rio Branco do Sul;04/05/2022;09:24:40;;;{'codigo': 1, 'nome': 'Eletrônico'};00014000920228160147;RIO BRANCO DO SUL - JUIZADO ESPECIAL CÍVEL, CRIMINAL E DA FAZENDA PÚBLICA
00004265320248160065;Termo Circunstanciado;Poluição;Cerro Azul;20/02/2024;15:40:35;;;{'codigo': 1, 'nome': 'Eletrônico'};00004265320248160065;CATANDUVAS - JUÍZO ÚNICO
00012103820178160174;Crimes Ambientais;Poluição;Bocaiúva do Sul;09/02/2017;17:01:11;;;{'codigo': 1, 'nome': 'Eletrônico'};00012103820178160174;UNIÃO DA VITÓRIA - JUIZADO ESPECIAL CÍVEL, CRIMINAL E DA FAZENDA PÚBLICA
00022892620238160147;Termo Circunstanciado;Poluição;Rio Branco do Sul;20/07/2023;11:06:18;;;{'codigo': 1, 'nome': 'Eletrônico'};00022892620238160147;RIO BRANCO DO SUL - JUIZADO ESPECIAL CÍVEL, CRIMINAL E DA FAZENDA PÚBLICA
00028781820238160147;Termo Circunstanciado;Poluição;Rio Branco do Sul;29/08/2023;13:07:17;;;{'codigo': 1, 'nome': 'Eletrônico'};00028781820238160147;RIO BRANCO DO SUL - JUIZADO ESPECIAL CÍVEL, CRIMINAL E DA FAZENDA PÚBLICA
00016114520228160147;Termo Circunstanciado;Poluição;Rio Branco do Sul;20/05/2022;09:49:40;;;{'codigo': 1, 'nome': 'Eletrônico'};00016114520228160147;RIO BRANCO DO SUL - JUIZADO ESPECIAL CÍVEL, CRIMINAL E DA FAZENDA PÚBLICA
00016123020228160147;Ação Penal - Procedimento Sumaríssimo;Poluição;Rio Branco do Sul;20/05/2022;10:21:18;;;{'codigo': 1, 'nome': 'Eletrônico'};00016123020228160147;RIO BRANCO DO SUL - JUIZADO ESPECIAL CÍVEL, CRIMINAL E DA FAZENDA PÚBLICA
00005876320248160065;Termo Circunstanciado;Poluição;Cerro Azul;11/03/2024;14:43:34;;;{'codigo': 1, 'nome': 'Eletrônico'};00005876320248160065;CATANDUVAS - JUÍZO ÚNICO
00019948620238160147;Termo Circunstanciado;Poluição;Rio Branco do Sul;23/06/2023;10:59:52;;;{'codigo': 1, 'nome': 'Eletrônico'};00019948620238160147;RIO BRANCO DO SUL - JUIZADO ESPECIAL CÍVEL, CRIMINAL E DA FAZENDA PÚBLICA
00025495820238160065;Procedimento Investigatório Criminal (PIC-MP) ;Poluição;Cerro Azul;27/11/2023;14:45:00;;;{'codigo': 1, 'nome': 'Eletrônico'};00025495820238160065;CATANDUVAS - JUÍZO ÚNICO
00008971720248160147;Ação Penal - Procedimento Sumaríssimo;Poluição;Rio Branco do Sul;22/03/2024;11:08:39;;;{'codigo': 1, 'nome': 'Eletrônico'};00008971720248160147;RIO BRANCO DO SUL - JUIZADO ESPECIAL CÍVEL, CRIMINAL E DA FAZENDA PÚBLICA
00036594020238160147;Termo Circunstanciado;Poluição;Rio Branco do Sul;14/11/2023;11:22:04;;;{'codigo': 1, 'nome': 'Eletrônico'};00036594020238160147;RIO BRANCO DO SUL - JUIZADO ESPECIAL CÍVEL, CRIMINAL E DA FAZENDA PÚBLICA
00013663920198160147;Inquérito Policial;Poluição;Rio Branco do Sul;07/05/2019;16:53:35;;;{'codigo': 1, 'nome': 'Eletrônico'};00013663920198160147;RIO BRANCO DO SUL - VARA CRIMINAL, INFÂNCIA E JUVENTUDE E FAMÍLIA E SUCESSÕES
00025556520238160065;Procedimento Investigatório Criminal (PIC-MP) ;Poluição;Cerro Azul;27/11/2023;15:55:24;;;{'codigo': 1, 'nome': 'Eletrônico'};00025556520238160065;CATANDUVAS - JUÍZO ÚNICO
00025315320218160147;Termo Circunstanciado;Poluição;Rio Branco do Sul;11/09/2021;19:27:55;;;{'codigo': 1, 'nome': 'Eletrônico'};00025315320218160147;RIO BRANCO DO SUL - VARA CRIMINAL, INFÂNCIA E JUVENTUDE E FAMÍLIA E SUCESSÕES
00016534920228160065;Procedimento Investigatório Criminal (PIC-MP) ;Flora;Cerro Azul;28/10/2022;15:24:32;;;{'codigo': 1, 'nome': 'Eletrônico'};00016534920228160065;CATANDUVAS - JUÍZO ÚNICO
00025582020238160065;Procedimento Investigatório Criminal (PIC-MP) ;Flora;Cerro Azul;27/11/2023;16:04:34;;;{'codigo': 1, 'nome': 'Eletrônico'};00025582020238160065;CATANDUVAS - JUÍZO ÚNICO
00025711920238160065;Procedimento Investigatório Criminal (PIC-MP) ;Flora;Cerro Azul;28/11/2023;14:00:43;;;{'codigo': 1, 'nome': 'Eletrônico'};00025711920238160065;CATANDUVAS - JUÍZO ÚNICO
00025807820238160065;Procedimento Investigatório Criminal (PIC-MP) ;Flora;Cerro Azul;29/11/2023;11:03:40;;;{'codigo': 1, 'nome': 'Eletrônico'};00025807820238160065;CATANDUVAS - JUÍZO ÚNICO
00025487320238160065;Ação Penal - Procedimento Sumário;Flora;Cerro Azul;27/11/2023;14:33:53;;;{'codigo': 1, 'nome': 'Eletrônico'};00025487320238160065;CATANDUVAS - JUÍZO ÚNICO
00027288920238160065;Ação Civil Pública;Dano Ambiental;Cerro Azul;14/12/2023;17:19:21;;;{'codigo': 1, 'nome': 'Eletrônico'};00027288920238160065;CATANDUVAS - JUÍZO ÚNICO
00005132520228160147;Ação Civil Pública;Dano Ambiental;Rio Branco do Sul;25/02/2022;10:34:11;;;{'codigo': 1, 'nome': 'Eletrônico'};00005132520228160147;RIO BRANCO DO SUL - VARA CÍVEL, DA FAZENDA PÚBLICA, ACIDENTES DO TRABALHO, REGISTROS PÚBLICOS E CORREGEDORIA DO FORO EXTRAJUDICIAL
00017565620228160065;Ação Civil Pública;Dano Ambiental;Cerro Azul;17/11/2022;16:08:27;;;{'codigo': 1, 'nome': 'Eletrônico'};00017565620228160065;CATANDUVAS - JUÍZO ÚNICO
00008596820258160147;Ação Civil Pública;Dano Ambiental;Rio Branco do Sul;13/03/2025;18:51:23;;;{'codigo': 1, 'nome': 'Eletrônico'};00008596820258160147;RIO BRANCO DO SUL - VARA CÍVEL, DA FAZENDA PÚBLICA, ACIDENTES DO TRABALHO, REGISTROS PÚBLICOS E CORREGEDORIA DO FORO EXTRAJUDICIAL
00001216920248160065;Ação Civil Pública;Dano Ambiental;Cerro Azul;17/01/2024;18:45:13;;;{'codigo': 1, 'nome': 'Eletrônico'};00001216920248160065;CATANDUVAS - JUÍZO ÚNICO
00008538420238160065;Ação Civil Pública;Dano Ambiental;Cerro Azul;11/05/2023;19:10:11;;;{'codigo': 1, 'nome': 'Eletrônico'};00008538420238160065;CATANDUVAS - JUÍZO ÚNICO
00008434020238160065;Ação Civil Pública;Dano Ambiental;Cerro Azul;11/05/2023;16:18:58;;;{'codigo': 1, 'nome': 'Eletrônico'};00008434020238160065;CATANDUVAS - JUÍZO ÚNICO
00001419420238160065;Ação Penal - Procedimento Sumaríssimo;Dano Ambiental;Cerro Azul;30/01/2023;15:52:01;;;{'codigo': 1, 'nome': 'Eletrônico'};00001419420238160065;CATANDUVAS - JUÍZO ÚNICO
00004429120208160147;Ação Civil Pública;Dano Ambiental;Rio Branco do Sul;05/02/2020;09:01:14;;;{'codigo': 1, 'nome': 'Eletrônico'};00004429120208160147;RIO BRANCO DO SUL - VARA CÍVEL, DA FAZENDA PÚBLICA, ACIDENTES DO TRABALHO, REGISTROS PÚBLICOS E CORREGEDORIA DO FORO EXTRAJUDICIAL
00027037620238160065;Ação Civil Pública;Dano Ambiental;Cerro Azul;12/12/2023;16:48:31;;;{'codigo': 1, 'nome': 'Eletrônico'};00027037620238160065;CATANDUVAS - JUÍZO ÚNICO
00012383720208160065;Termo Circunstanciado;Dano Ambiental;Cerro Azul;20/05/2020;16:29:24;;;{'codigo': 1, 'nome': 'Eletrônico'};00012383720208160065;CATANDUVAS - JUÍZO ÚNICO
00016183720228160147;Ação Civil Pública;Dano Ambiental;Rio Branco do Sul;20/05/2022;14:38:21;;;{'codigo': 1, 'nome': 'Eletrônico'};00016183720228160147;RIO BRANCO DO SUL - VARA CÍVEL, DA FAZENDA PÚBLICA, ACIDENTES DO TRABALHO, REGISTROS PÚBLICOS E CORREGEDORIA DO FORO EXTRAJUDICIAL
00009151820098160065;Cumprimento de sentença;Dano Ambiental;Cerro Azul;23/06/2009;00:00:00;;;{'codigo': 1, 'nome': 'Eletrônico'};00009151820098160065;CATANDUVAS - JUÍZO ÚNICO
00023095120228160147;Ação Civil Pública;Dano Ambiental;Rio Branco do Sul;25/07/2022;16:56:47;;;{'codigo': 1, 'nome': 'Eletrônico'};00023095120228160147;RIO BRANCO DO SUL - VARA CÍVEL, DA FAZENDA PÚBLICA, ACIDENTES DO TRABALHO, REGISTROS PÚBLICOS E CORREGEDORIA DO FORO EXTRAJUDICIAL
00006223920228160147;Termo Circunstanciado;Dano Ambiental;Rio Branco do Sul;09/03/2022;16:32:35;;;{'codigo': 1, 'nome': 'Eletrônico'};00006223920228160147;RIO BRANCO DO SUL - JUIZADO ESPECIAL CÍVEL, CRIMINAL E DA FAZENDA PÚBLICA
00001815220188160065;Ação Penal - Procedimento Sumaríssimo;Dano Ambiental;Cerro Azul;06/02/2018;18:20:08;;;{'codigo': 1, 'nome': 'Eletrônico'};00001815220188160065;CATANDUVAS - JUÍZO ÚNICO
00029742720198160065;Ação Penal - Procedimento Sumaríssimo;Dano Ambiental;Cerro Azul;17/11/2019;11:05:36;;;{'codigo': 1, 'nome': 'Eletrônico'};00029742720198160065;CATANDUVAS - JUÍZO ÚNICO
00001604720168160065;Ação Penal - Procedimento Sumaríssimo;Dano Ambiental;Cerro Azul;29/01/2016;13:35:59;;;{'codigo': 1, 'nome': 'Eletrônico'};00001604720168160065;CATANDUVAS - JUÍZO ÚNICO
00017289820168160065;Ação Penal - Procedimento Sumaríssimo;Dano Ambiental;Cerro Azul;08/08/2016;15:25:19;;;{'codigo': 1, 'nome': 'Eletrônico'};00017289820168160065;CATANDUVAS - JUÍZO ÚNICO
00021434720178160065;Ação Penal - Procedimento Sumaríssimo;Dano Ambiental;Cerro Azul;28/10/2017;18:37:20;;;{'codigo': 1, 'nome': 'Eletrônico'};00021434720178160065;CATANDUVAS - JUÍZO ÚNICO
00007946020238160174;Procedimento Investigatório Criminal (PIC-MP) ;Dano Ambiental;Bocaiúva do Sul;02/02/2023;13:29:38;;;{'codigo': 1, 'nome': 'Eletrônico'};00007946020238160174;UNIÃO DA VITÓRIA - JUIZADO ESPECIAL CÍVEL, CRIMINAL E DA FAZENDA PÚBLICA
00028198720208160065;Termo Circunstanciado;Dano Ambiental;Cerro Azul;21/12/2020;17:07:08;;;{'codigo': 1, 'nome': 'Eletrônico'};00028198720208160065;CATANDUVAS - JUÍZO ÚNICO
00011300820208160065;Termo Circunstanciado;Dano Ambiental;Cerro Azul;06/05/2020;18:50:54;;;{'codigo': 1, 'nome': 'Eletrônico'};00011300820208160065;CATANDUVAS - JUÍZO ÚNICO
00004395720218160065;Carta Precatória Criminal;Dano Ambiental;Cerro Azul;29/03/2021;18:30:04;;;{'codigo': 1, 'nome': 'Eletrônico'};00004395720218160065;CATANDUVAS - JUÍZO ÚNICO
00026527020208160065;Carta Precatória Criminal;Dano Ambiental;Cerro Azul;26/11/2020;17:30:34;;;{'codigo': 1, 'nome': 'Eletrônico'};00026527020208160065;CATANDUVAS - JUÍZO ÚNICO
00008082220198160065;Inquérito Policial;Dano Ambiental;Cerro Azul;05/04/2019;08:55:02;;;{'codigo': 1, 'nome': 'Eletrônico'};00008082220198160065;CATANDUVAS - JUÍZO ÚNICO
00002845420218160065;Ação Penal - Procedimento Sumaríssimo;Dano Ambiental;Cerro Azul;24/02/2021;12:26:54;;;{'codigo': 1, 'nome': 'Eletrônico'};00002845420218160065;CATANDUVAS - JUÍZO ÚNICO
00011292320208160065;Termo Circunstanciado;Dano Ambiental;Cerro Azul;06/05/2020;18:39:19;;;{'codigo': 1, 'nome': 'Eletrônico'};00011292320208160065;CATANDUVAS - JUÍZO ÚNICO
00016256320218160147;Ação Civil Pública;Dano Ambiental;Rio Branco do Sul;07/06/2021;08:47:11;;;{'codigo': 1, 'nome': 'Eletrônico'};00016256320218160147;RIO BRANCO DO SUL - VARA CÍVEL, DA FAZENDA PÚBLICA, ACIDENTES DO TRABALHO, REGISTROS PÚBLICOS E CORREGEDORIA DO FORO EXTRAJUDICIAL
00016172220138160065;Ação Civil Pública;Dano Ambiental;Cerro Azul;06/09/2013;18:57:47;;;{'codigo': 1, 'nome': 'Eletrônico'};00016172220138160065;CATANDUVAS - JUÍZO ÚNICO
00015471920248160065;Carta Precatória Cível;Dano Ambiental;Cerro Azul;02/07/2024;12:56:09;;;{'codigo': 1, 'nome': 'Eletrônico'};00015471920248160065;CATANDUVAS - JUÍZO ÚNICO
00031171820068160147;Ação Civil Pública;Dano Ambiental;Rio Branco do Sul;13/12/2006;00:00:00;;;{'codigo': 1, 'nome': 'Eletrônico'};00031171820068160147;RIO BRANCO DO SUL - VARA CÍVEL, DA FAZENDA PÚBLICA, ACIDENTES DO TRABALHO, REGISTROS PÚBLICOS E CORREGEDORIA DO FORO EXTRAJUDICIAL
00030324120208160147;Ação Civil Pública;Dano Ambiental;Rio Branco do Sul;16/11/2020;15:40:12;;;{'codigo': 1, 'nome': 'Eletrônico'};00030324120208160147;RIO BRANCO DO SUL - VARA CÍVEL, DA FAZENDA PÚBLICA, ACIDENTES DO TRABALHO, REGISTROS PÚBLICOS E CORREGEDORIA DO FORO EXTRAJUDICIAL
00001939020238160065;Procedimento Investigatório Criminal (PIC-MP) ;Contra a Fauna;Cerro Azul;10/02/2023;09:49:57;;;{'codigo': 1, 'nome': 'Eletrônico'};00001939020238160065;CATANDUVAS - JUÍZO ÚNICO
00008337020258160147;Termo Circunstanciado;Crimes contra a Fauna;Rio Branco do Sul;12/03/2025;14:03:14;;;{'codigo': 1, 'nome': 'Eletrônico'};00008337020258160147;RIO BRANCO DO SUL - JUIZADO ESPECIAL CÍVEL, CRIMINAL E DA FAZENDA PÚBLICA
00004322620258160065;Termo Circunstanciado;Crimes contra a Fauna;Cerro Azul;24/02/2025;11:41:05;;;{'codigo': 1, 'nome': 'Eletrônico'};00004322620258160065;CATANDUVAS - JUÍZO ÚNICO
00016876420258160147;Ação Penal - Procedimento Sumaríssimo;Crimes contra a Fauna;Rio Branco do Sul;08/05/2025;11:30:21;;;{'codigo': 1, 'nome': 'Eletrônico'};00016876420258160147;RIO BRANCO DO SUL - JUIZADO ESPECIAL CÍVEL, CRIMINAL E DA FAZENDA PÚBLICA
00016882020238160147;Ação Penal - Procedimento Sumaríssimo;Crimes contra a Fauna;Rio Branco do Sul;25/05/2023;10:29:17;;;{'codigo': 1, 'nome': 'Eletrônico'};00016882020238160147;RIO BRANCO DO SUL - JUIZADO ESPECIAL CÍVEL, CRIMINAL E DA FAZENDA PÚBLICA
00007831520238160147;Notificação para Explicações;Crimes contra a Fauna;Rio Branco do Sul;07/03/2023;17:45:23;;;{'codigo': 1, 'nome': 'Eletrônico'};00007831520238160147;RIO BRANCO DO SUL - VARA CRIMINAL, INFÂNCIA E JUVENTUDE E FAMÍLIA E SUCESSÕES
00008018820238160065;Procedimento Investigatório Criminal (PIC-MP) ;Crimes contra a Fauna;Cerro Azul;09/05/2023;13:45:57;;;{'codigo': 1, 'nome': 'Eletrônico'};00008018820238160065;CATANDUVAS - JUÍZO ÚNICO
00026899220238160065;Ação Penal - Procedimento Sumário;Crimes contra a Fauna;Cerro Azul;11/12/2023;17:41:15;;;{'codigo': 1, 'nome': 'Eletrônico'};00026899220238160065;CATANDUVAS - JUÍZO ÚNICO
00002749420178160147;Inquérito Policial;Crimes contra a Fauna;Rio Branco do Sul;27/01/2017;15:40:26;;;{'codigo': 1, 'nome': 'Eletrônico'};00002749420178160147;RIO BRANCO DO SUL - VARA CRIMINAL, INFÂNCIA E JUVENTUDE E FAMÍLIA E SUCESSÕES
00010029120248160147;Termo Circunstanciado;Crimes contra a Fauna;Rio Branco do Sul;02/04/2024;15:43:26;;;{'codigo': 1, 'nome': 'Eletrônico'};00010029120248160147;RIO BRANCO DO SUL - JUIZADO ESPECIAL CÍVEL, CRIMINAL E DA FAZENDA PÚBLICA
00009043220228160065;Carta Precatória Criminal;Crimes contra a Fauna;Cerro Azul;22/06/2022;14:00:05;;;{'codigo': 1, 'nome': 'Eletrônico'};00009043220228160065;CATANDUVAS - JUÍZO ÚNICO
00007416320238160147;Termo Circunstanciado;Crimes contra a Fauna;Rio Branco do Sul;01/03/2023;17:18:50;;;{'codigo': 1, 'nome': 'Eletrônico'};00007416320238160147;RIO BRANCO DO SUL - JUIZADO ESPECIAL CÍVEL, CRIMINAL E DA FAZENDA PÚBLICA
00010610520228160065;Termo Circunstanciado;Crimes contra a Fauna;Cerro Azul;17/07/2022;14:26:42;;;{'codigo': 1, 'nome': 'Eletrônico'};00010610520228160065;CATANDUVAS - JUÍZO ÚNICO
00030254420238160147;Termo Circunstanciado;Crimes contra a Fauna;Rio Branco do Sul;12/09/2023;14:49:04;;;{'codigo': 1, 'nome': 'Eletrônico'};00030254420238160147;RIO BRANCO DO SUL - JUIZADO ESPECIAL CÍVEL, CRIMINAL E DA FAZENDA PÚBLICA
00007347120238160147;Termo Circunstanciado;Crimes contra a Fauna;Rio Branco do Sul;01/03/2023;14:47:36;;;{'codigo': 1, 'nome': 'Eletrônico'};00007347120238160147;RIO BRANCO DO SUL - JUIZADO ESPECIAL CÍVEL, CRIMINAL E DA FAZENDA PÚBLICA
00001903820238160065;Termo Circunstanciado;Crimes contra a Fauna;Cerro Azul;09/02/2023;14:51:34;;;{'codigo': 1, 'nome': 'Eletrônico'};00001903820238160065;CATANDUVAS - JUÍZO ÚNICO
00014045620168160147;Termo Circunstanciado;Crimes contra a Fauna;Rio Branco do Sul;28/04/2016;16:27:44;;;{'codigo': 1, 'nome': 'Eletrônico'};00014045620168160147;RIO BRANCO DO SUL - JUIZADO ESPECIAL CÍVEL, CRIMINAL E DA FAZENDA PÚBLICA
00013407020218160147;Termo Circunstanciado;Crimes contra a Fauna;Rio Branco do Sul;05/05/2021;15:06:29;;;{'codigo': 1, 'nome': 'Eletrônico'};00013407020218160147;RIO BRANCO DO SUL - JUIZADO ESPECIAL CÍVEL, CRIMINAL E DA FAZENDA PÚBLICA
00036472620238160147;Termo Circunstanciado;Crimes contra a Fauna;Rio Branco do Sul;11/11/2023;16:26:21;;;{'codigo': 1, 'nome': 'Eletrônico'};00036472620238160147;RIO BRANCO DO SUL - JUIZADO ESPECIAL CÍVEL, CRIMINAL E DA FAZENDA PÚBLICA
00006486620248160147;Termo Circunstanciado;Crimes contra a Fauna;Rio Branco do Sul;02/03/2024;10:38:08;;;{'codigo': 1, 'nome': 'Eletrônico'};00006486620248160147;RIO BRANCO DO SUL - JUIZADO ESPECIAL CÍVEL, CRIMINAL E DA FAZENDA PÚBLICA
00007603520248160147;Termo Circunstanciado;Crimes contra a Fauna;Rio Branco do Sul;11/03/2024;16:36:56;;;{'codigo': 1, 'nome': 'Eletrônico'};00007603520248160147;RIO BRANCO DO SUL - JUIZADO ESPECIAL CÍVEL, CRIMINAL E DA FAZENDA PÚBLICA
00005672020248160147;Termo Circunstanciado;Crimes contra a Fauna;Rio Branco do Sul;23/02/2024;12:08:12;;;{'codigo': 1, 'nome': 'Eletrônico'};00005672020248160147;RIO BRANCO DO SUL - JUIZADO ESPECIAL CÍVEL, CRIMINAL E DA FAZENDA PÚBLICA
00005776420248160147;Termo Circunstanciado;Crimes contra a Fauna;Rio Branco do Sul;24/02/2024;11:31:46;;;{'codigo': 1, 'nome': 'Eletrônico'};00005776420248160147;RIO BRANCO DO SUL - JUIZADO ESPECIAL CÍVEL, CRIMINAL E DA FAZENDA PÚBLICA
00015637020248160065;Carta Precatória Criminal;Crimes contra a Fauna;Cerro Azul;03/07/2024;14:22:11;;;{'codigo': 1, 'nome': 'Eletrônico'};00015637020248160065;CATANDUVAS - JUÍZO ÚNICO
00036481120238160147;Termo Circunstanciado;Crimes contra a Fauna;Rio Branco do Sul;12/11/2023;11:31:26;;;{'codigo': 1, 'nome': 'Eletrônico'};00036481120238160147;RIO BRANCO DO SUL - JUIZADO ESPECIAL CÍVEL, CRIMINAL E DA FAZENDA PÚBLICA
00017355720248160147;Termo Circunstanciado;Crimes contra a Fauna;Rio Branco do Sul;03/06/2024;15:24:51;;;{'codigo': 1, 'nome': 'Eletrônico'};00017355720248160147;RIO BRANCO DO SUL - JUIZADO ESPECIAL CÍVEL, CRIMINAL E DA FAZENDA PÚBLICA
00009427820218160065;Carta Precatória Criminal;Crimes contra a Fauna;Cerro Azul;07/07/2021;17:30:10;;;{'codigo': 1, 'nome': 'Eletrônico'};00009427820218160065;CATANDUVAS - JUÍZO ÚNICO
00038248720238160147;Termo Circunstanciado;Crimes contra a Fauna;Rio Branco do Sul;29/11/2023;12:48:16;;;{'codigo': 1, 'nome': 'Eletrônico'};00038248720238160147;RIO BRANCO DO SUL - JUIZADO ESPECIAL CÍVEL, CRIMINAL E DA FAZENDA PÚBLICA
00015658920148160065;Ação Penal - Procedimento Sumaríssimo;Crimes contra a Fauna;Cerro Azul;21/08/2014;13:34:32;;;{'codigo': 1, 'nome': 'Eletrônico'};00015658920148160065;CATANDUVAS - JUÍZO ÚNICO
00019528920238160065;Ação Penal - Procedimento Sumaríssimo;Crimes contra a Flora;Cerro Azul;13/09/2023;18:47:45;;;{'codigo': 1, 'nome': 'Eletrônico'};00019528920238160065;CATANDUVAS - JUÍZO ÚNICO
00002658820248160147;Termo Circunstanciado;Crimes contra a Flora;Rio Branco do Sul;26/01/2024;18:45:38;;;{'codigo': 1, 'nome': 'Eletrônico'};00002658820248160147;RIO BRANCO DO SUL - JUIZADO ESPECIAL CÍVEL, CRIMINAL E DA FAZENDA PÚBLICA
00037182820238160147;Ação Penal - Procedimento Sumaríssimo;Crimes contra a Flora;Rio Branco do Sul;20/11/2023;14:52:34;;;{'codigo': 1, 'nome': 'Eletrônico'};00037182820238160147;RIO BRANCO DO SUL - JUIZADO ESPECIAL CÍVEL, CRIMINAL E DA FAZENDA PÚBLICA
00034608120248160147;Termo Circunstanciado;Crimes contra a Flora;Rio Branco do Sul;01/11/2024;12:19:35;;;{'codigo': 1, 'nome': 'Eletrônico'};00034608120248160147;RIO BRANCO DO SUL - JUIZADO ESPECIAL CÍVEL, CRIMINAL E DA FAZENDA PÚBLICA
00004197220258160147;Termo Circunstanciado;Crimes contra a Flora;Rio Branco do Sul;07/02/2025;12:16:52;;;{'codigo': 1, 'nome': 'Eletrônico'};00004197220258160147;RIO BRANCO DO SUL - JUIZADO ESPECIAL CÍVEL, CRIMINAL E DA FAZENDA PÚBLICA
00022723420168160147;Ação Penal - Procedimento Sumário;Crimes contra a Flora;Rio Branco do Sul;08/07/2016;21:39:44;;;{'codigo': 1, 'nome': 'Eletrônico'};00022723420168160147;RIO BRANCO DO SUL - VARA CRIMINAL, INFÂNCIA E JUVENTUDE E FAMÍLIA E SUCESSÕES
00000926320178160065;Ação Penal - Procedimento Sumário;Crimes contra a Flora;Cerro Azul;19/01/2017;15:57:37;;;{'codigo': 1, 'nome': 'Eletrônico'};00000926320178160065;CATANDUVAS - JUÍZO ÚNICO
00016044220218160065;Ação Penal - Procedimento Sumaríssimo;Crimes contra a Flora;Cerro Azul;06/11/2021;22:17:33;;;{'codigo': 1, 'nome': 'Eletrônico'};00016044220218160065;CATANDUVAS - JUÍZO ÚNICO
00018316120238160065;Procedimento Investigatório Criminal (PIC-MP) ;Crimes contra a Flora;Cerro Azul;30/08/2023;10:53:10;;;{'codigo': 1, 'nome': 'Eletrônico'};00018316120238160065;CATANDUVAS - JUÍZO ÚNICO
00008476420198160147;Ação Penal - Procedimento Sumário;Crimes contra a Flora;Rio Branco do Sul;25/03/2019;17:09:23;;;{'codigo': 1, 'nome': 'Eletrônico'};00008476420198160147;RIO BRANCO DO SUL - VARA CRIMINAL, INFÂNCIA E JUVENTUDE E FAMÍLIA E SUCESSÕES
00013824020228160065;Ação Penal - Procedimento Ordinário;Crimes contra a Flora;Cerro Azul;15/09/2022;13:57:36;;;{'codigo': 1, 'nome': 'Eletrônico'};00013824020228160065;CATANDUVAS - JUÍZO ÚNICO
00015045320228160065;Inquérito Policial;Crimes contra a Flora;Cerro Azul;02/10/2022;18:37:49;;;{'codigo': 1, 'nome': 'Eletrônico'};00015045320228160065;CATANDUVAS - JUÍZO ÚNICO
00018760220228160065;Ação Penal - Procedimento Ordinário;Crimes contra a Flora;Cerro Azul;13/12/2022;11:02:21;;;{'codigo': 1, 'nome': 'Eletrônico'};00018760220228160065;CATANDUVAS - JUÍZO ÚNICO
00000987020178160065;Ação Penal - Procedimento Sumário;Crimes contra a Flora;Cerro Azul;19/01/2017;16:45:39;;;{'codigo': 1, 'nome': 'Eletrônico'};00000987020178160065;CATANDUVAS - JUÍZO ÚNICO
00012986820248160065;Ação Penal - Procedimento Sumário;Crimes contra a Flora;Cerro Azul;03/06/2024;18:03:44;;;{'codigo': 1, 'nome': 'Eletrônico'};00012986820248160065;CATANDUVAS - JUÍZO ÚNICO
00008510420198160147;Ação Penal - Procedimento Sumário;Crimes contra a Flora;Rio Branco do Sul;25/03/2019;17:36:57;;;{'codigo': 1, 'nome': 'Eletrônico'};00008510420198160147;RIO BRANCO DO SUL - VARA CRIMINAL, INFÂNCIA E JUVENTUDE E FAMÍLIA E SUCESSÕES
00007726720258160065;Ação Penal - Procedimento Ordinário;Crimes contra a Flora;Cerro Azul;31/03/2025;17:53:47;;;{'codigo': 1, 'nome': 'Eletrônico'};00007726720258160065;CATANDUVAS - JUÍZO ÚNICO
00035189420188160147;Ação Penal - Procedimento Ordinário;Crimes contra a Flora;Rio Branco do Sul;05/11/2018;17:51:11;;;{'codigo': 1, 'nome': 'Eletrônico'};00035189420188160147;RIO BRANCO DO SUL - VARA CRIMINAL, INFÂNCIA E JUVENTUDE E FAMÍLIA E SUCESSÕES
00013807020228160065;Ação Penal - Procedimento Sumário;Crimes contra a Flora;Cerro Azul;15/09/2022;11:48:59;;;{'codigo': 1, 'nome': 'Eletrônico'};00013807020228160065;CATANDUVAS - JUÍZO ÚNICO
00016976820228160065;Ação Penal - Procedimento Sumário;Crimes contra a Flora;Cerro Azul;04/11/2022;19:48:09;;;{'codigo': 1, 'nome': 'Eletrônico'};00016976820228160065;CATANDUVAS - JUÍZO ÚNICO
00001081720178160065;Ação Penal - Procedimento Sumário;Crimes contra a Flora;Cerro Azul;19/01/2017;18:39:54;;;{'codigo': 1, 'nome': 'Eletrônico'};00001081720178160065;CATANDUVAS - JUÍZO ÚNICO
00006849720238160065;Procedimento Investigatório Criminal (PIC-MP) ;Crimes contra a Flora;Cerro Azul;19/04/2023;17:37:22;;;{'codigo': 1, 'nome': 'Eletrônico'};00006849720238160065;CATANDUVAS - JUÍZO ÚNICO
00032646620248160065;Inquérito Policial;Crimes contra a Flora;Cerro Azul;19/12/2024;16:43:14;;;{'codigo': 1, 'nome': 'Eletrônico'};00032646620248160065;CATANDUVAS - JUÍZO ÚNICO
00008567820198160065;Ação Penal - Procedimento Ordinário;Crimes contra a Flora;Cerro Azul;05/04/2019;13:47:16;;;{'codigo': 1, 'nome': 'Eletrônico'};00008567820198160065;CATANDUVAS - JUÍZO ÚNICO
00009891820228160065;Procedimento Investigatório Criminal (PIC-MP) ;Crimes contra a Flora;Cerro Azul;07/07/2022;10:43:21;;;{'codigo': 1, 'nome': 'Eletrônico'};00009891820228160065;CATANDUVAS - JUÍZO ÚNICO
00031669720228160147;Inquérito Policial;Crimes contra a Flora;Rio Branco do Sul;18/10/2022;11:58:15;;;{'codigo': 1, 'nome': 'Eletrônico'};00031669720228160147;RIO BRANCO DO SUL - VARA CRIMINAL, INFÂNCIA E JUVENTUDE E FAMÍLIA E SUCESSÕES
00046422020158160147;Ação Penal - Procedimento Ordinário;Crimes contra a Flora;Rio Branco do Sul;15/09/2015;14:58:08;;;{'codigo': 1, 'nome': 'Eletrônico'};00046422020158160147;RIO BRANCO DO SUL - VARA CRIMINAL, INFÂNCIA E JUVENTUDE E FAMÍLIA E SUCESSÕES
00011000220228160065;Ação Penal - Procedimento Sumaríssimo;Crimes contra a Flora;Cerro Azul;22/07/2022;16:41:05;;;{'codigo': 1, 'nome': 'Eletrônico'};00011000220228160065;CATANDUVAS - JUÍZO ÚNICO
00003712620198160147;Inquérito Policial;Crimes contra a Flora;Rio Branco do Sul;08/02/2019;13:39:18;;;{'codigo': 1, 'nome': 'Eletrônico'};00003712620198160147;RIO BRANCO DO SUL - VARA CRIMINAL, INFÂNCIA E JUVENTUDE E FAMÍLIA E SUCESSÕES
00001973020238160065;Procedimento Investigatório Criminal (PIC-MP) ;Crimes contra a Flora;Cerro Azul;10/02/2023;14:27:59;;;{'codigo': 1, 'nome': 'Eletrônico'};00001973020238160065;CATANDUVAS - JUÍZO ÚNICO
00003038920238160065;Restituição de Coisas Apreendidas;Crimes contra a Flora;Cerro Azul;02/03/2023;10:45:01;;;{'codigo': 1, 'nome': 'Eletrônico'};00003038920238160065;CATANDUVAS - JUÍZO ÚNICO
00003843820238160065;Ação Penal - Procedimento Sumário;Crimes contra a Flora;Cerro Azul;08/03/2023;19:40:46;;;{'codigo': 1, 'nome': 'Eletrônico'};00003843820238160065;CATANDUVAS - JUÍZO ÚNICO
00026881020238160065;Inquérito Policial;Crimes contra a Flora;Cerro Azul;11/12/2023;17:32:43;;;{'codigo': 1, 'nome': 'Eletrônico'};00026881020238160065;CATANDUVAS - JUÍZO ÚNICO
00009098820218160065;Ação Penal - Procedimento Sumário;Crimes contra a Flora;Cerro Azul;02/07/2021;14:50:22;;;{'codigo': 1, 'nome': 'Eletrônico'};00009098820218160065;CATANDUVAS - JUÍZO ÚNICO
00013910220228160065;Procedimento Investigatório Criminal (PIC-MP) ;Crimes contra a Flora;Cerro Azul;16/09/2022;17:19:51;;;{'codigo': 1, 'nome': 'Eletrônico'};00013910220228160065;CATANDUVAS - JUÍZO ÚNICO
00019315020228160065;Inquérito Policial;Crimes contra a Flora;Cerro Azul;24/12/2022;17:45:41;;;{'codigo': 1, 'nome': 'Eletrônico'};00019315020228160065;CATANDUVAS - JUÍZO ÚNICO
00014912020238160065;Procedimento Investigatório Criminal (PIC-MP) ;Crimes contra a Flora;Cerro Azul;31/07/2023;15:11:43;;;{'codigo': 1, 'nome': 'Eletrônico'};00014912020238160065;CATANDUVAS - JUÍZO ÚNICO
00009387020238160065;Ação Penal - Procedimento Ordinário;Crimes contra a Flora;Cerro Azul;23/05/2023;12:16:14;;;{'codigo': 1, 'nome': 'Eletrônico'};00009387020238160065;CATANDUVAS - JUÍZO ÚNICO
00008467920198160147;Ação Penal - Procedimento Sumário;Crimes contra a Flora;Rio Branco do Sul;25/03/2019;17:04:58;;;{'codigo': 1, 'nome': 'Eletrônico'};00008467920198160147;RIO BRANCO DO SUL - VARA CRIMINAL, INFÂNCIA E JUVENTUDE E FAMÍLIA E SUCESSÕES
00000934820178160065;Ação Penal - Procedimento Sumário;Crimes contra a Flora;Cerro Azul;19/01/2017;16:07:58;;;{'codigo': 1, 'nome': 'Eletrônico'};00000934820178160065;CATANDUVAS - JUÍZO ÚNICO
00002683220238160065;Ação Penal - Procedimento Sumário;Crimes contra a Flora;Cerro Azul;24/02/2023;15:39:51;;;{'codigo': 1, 'nome': 'Eletrônico'};00002683220238160065;CATANDUVAS - JUÍZO ÚNICO
00008203620198160065;Ação Penal - Procedimento Ordinário;Crimes contra a Flora;Cerro Azul;05/04/2019;09:55:51;;;{'codigo': 1, 'nome': 'Eletrônico'};00008203620198160065;CATANDUVAS - JUÍZO ÚNICO
00008554120198160147;Inquérito Policial;Crimes contra a Flora;Rio Branco do Sul;25/03/2019;18:07:05;;;{'codigo': 1, 'nome': 'Eletrônico'};00008554120198160147;RIO BRANCO DO SUL - VARA CRIMINAL, INFÂNCIA E JUVENTUDE E FAMÍLIA E SUCESSÕES
00008597820198160147;Ação Penal - Procedimento Sumário;Crimes contra a Flora;Rio Branco do Sul;25/03/2019;18:30:24;;;{'codigo': 1, 'nome': 'Eletrônico'};00008597820198160147;RIO BRANCO DO SUL - VARA CRIMINAL, INFÂNCIA E JUVENTUDE E FAMÍLIA E SUCESSÕES
00003231220258160065;Inquérito Policial;Crimes contra a Flora;Cerro Azul;11/02/2025;19:05:37;;;{'codigo': 1, 'nome': 'Eletrônico'};00003231220258160065;CATANDUVAS - JUÍZO ÚNICO
00011324120218160065;Procedimento Investigatório Criminal (PIC-MP) ;Crimes contra a Flora;Cerro Azul;12/08/2021;12:05:34;;;{'codigo': 1, 'nome': 'Eletrônico'};00011324120218160065;CATANDUVAS - JUÍZO ÚNICO
00016863920228160065;Ação Penal - Procedimento Sumário;Crimes contra a Flora;Cerro Azul;03/11/2022;17:58:18;;;{'codigo': 1, 'nome': 'Eletrônico'};00016863920228160065;CATANDUVAS - JUÍZO ÚNICO
00001090220178160065;Ação Penal - Procedimento Sumário;Crimes contra a Flora;Cerro Azul;19/01/2017;18:42:15;;;{'codigo': 1, 'nome': 'Eletrônico'};00001090220178160065;CATANDUVAS - JUÍZO ÚNICO
00010309320238160147;Inquérito Policial;Crimes contra a Flora;Rio Branco do Sul;28/03/2023;16:14:22;;;{'codigo': 1, 'nome': 'Eletrônico'};00010309320238160147;RIO BRANCO DO SUL - VARA CRIMINAL, INFÂNCIA E JUVENTUDE E FAMÍLIA E SUCESSÕES
00030459820248160147;Termo Circunstanciado;Crimes contra a Flora;Rio Branco do Sul;25/09/2024;15:37:49;;;{'codigo': 1, 'nome': 'Eletrônico'};00030459820248160147;RIO BRANCO DO SUL - JUIZADO ESPECIAL CÍVEL, CRIMINAL E DA FAZENDA PÚBLICA
00032535320228160147;Ação Penal - Procedimento Sumaríssimo;Crimes contra a Flora;Rio Branco do Sul;26/10/2022;14:19:00;;;{'codigo': 1, 'nome': 'Eletrônico'};00032535320228160147;RIO BRANCO DO SUL - JUIZADO ESPECIAL CÍVEL, CRIMINAL E DA FAZENDA PÚBLICA
00020299820238160065;Ação Penal - Procedimento Sumário;Crimes contra a Flora;Cerro Azul;20/09/2023;19:38:35;;;{'codigo': 1, 'nome': 'Eletrônico'};00020299820238160065;CATANDUVAS - JUÍZO ÚNICO
00003920220198160147;Ação Penal - Procedimento Ordinário;Crimes contra a Flora;Rio Branco do Sul;08/02/2019;15:51:16;;;{'codigo': 1, 'nome': 'Eletrônico'};00003920220198160147;RIO BRANCO DO SUL - VARA CRIMINAL, INFÂNCIA E JUVENTUDE E FAMÍLIA E SUCESSÕES
00017646220248160065;Ação Penal - Procedimento Sumário;Crimes contra a Flora;Cerro Azul;30/07/2024;10:01:07;;;{'codigo': 1, 'nome': 'Eletrônico'};00017646220248160065;CATANDUVAS - JUÍZO ÚNICO
00033766120168160147;Ação Penal - Procedimento Ordinário;Crimes contra a Flora;Rio Branco do Sul;17/10/2016;10:20:57;;;{'codigo': 1, 'nome': 'Eletrônico'};00033766120168160147;RIO BRANCO DO SUL - VARA CRIMINAL, INFÂNCIA E JUVENTUDE E FAMÍLIA E SUCESSÕES
00003764820198160147;Ação Penal - Procedimento Sumário;Crimes contra a Flora;Rio Branco do Sul;08/02/2019;14:01:32;;;{'codigo': 1, 'nome': 'Eletrônico'};00003764820198160147;RIO BRANCO DO SUL - VARA CRIMINAL, INFÂNCIA E JUVENTUDE E FAMÍLIA E SUCESSÕES
00033757620168160147;Ação Penal - Procedimento Ordinário;Crimes contra a Flora;Rio Branco do Sul;17/10/2016;09:58:44;;;{'codigo': 1, 'nome': 'Eletrônico'};00033757620168160147;RIO BRANCO DO SUL - VARA CRIMINAL, INFÂNCIA E JUVENTUDE E FAMÍLIA E SUCESSÕES
00006548320188160147;Crimes Ambientais;Crimes contra a Flora;Rio Branco do Sul;06/03/2018;16:41:19;;;{'codigo': 1, 'nome': 'Eletrônico'};00006548320188160147;RIO BRANCO DO SUL - VARA CRIMINAL, INFÂNCIA E JUVENTUDE E FAMÍLIA E SUCESSÕES
00012945220198160147;Ação Penal - Procedimento Sumário;Crimes contra a Flora;Rio Branco do Sul;29/04/2019;19:19:42;;;{'codigo': 1, 'nome': 'Eletrônico'};00012945220198160147;RIO BRANCO DO SUL - VARA CRIMINAL, INFÂNCIA E JUVENTUDE E FAMÍLIA E SUCESSÕES
00010649120218160065;Ação Penal - Procedimento Ordinário;Crimes contra a Flora;Cerro Azul;28/07/2021;17:42:23;;;{'codigo': 1, 'nome': 'Eletrônico'};00010649120218160065;CATANDUVAS - JUÍZO ÚNICO
00020333820238160065;Procedimento Investigatório Criminal (PIC-MP) ;Crimes contra a Flora;Cerro Azul;21/09/2023;13:32:39;;;{'codigo': 1, 'nome': 'Eletrônico'};00020333820238160065;CATANDUVAS - JUÍZO ÚNICO
00006124720228160065;Procedimento Investigatório Criminal (PIC-MP) ;Crimes contra a Flora;Cerro Azul;26/04/2022;13:48:31;;;{'codigo': 1, 'nome': 'Eletrônico'};00006124720228160065;CATANDUVAS - JUÍZO ÚNICO
00006428220228160065;Procedimento Investigatório Criminal (PIC-MP) ;Crimes contra a Flora;Cerro Azul;02/05/2022;14:14:35;;;{'codigo': 1, 'nome': 'Eletrônico'};00006428220228160065;CATANDUVAS - JUÍZO ÚNICO
00012368320188160147;Ação Penal - Procedimento Ordinário;Crimes contra a Flora;Rio Branco do Sul;20/04/2018;14:15:36;;;{'codigo': 1, 'nome': 'Eletrônico'};00012368320188160147;RIO BRANCO DO SUL - VARA CRIMINAL, INFÂNCIA E JUVENTUDE E FAMÍLIA E SUCESSÕES
00036133720128160147;Ação Penal - Procedimento Ordinário;Crimes contra a Flora;Rio Branco do Sul;03/09/2012;00:00:00;;;{'codigo': 1, 'nome': 'Eletrônico'};00036133720128160147;RIO BRANCO DO SUL - VARA CRIMINAL, INFÂNCIA E JUVENTUDE E FAMÍLIA E SUCESSÕES
00035951620128160147;Ação Penal - Procedimento Ordinário;Crimes contra a Flora;Rio Branco do Sul;03/09/2012;00:00:00;;;{'codigo': 1, 'nome': 'Eletrônico'};00035951620128160147;RIO BRANCO DO SUL - VARA CRIMINAL, INFÂNCIA E JUVENTUDE E FAMÍLIA E SUCESSÕES
00007126220138160147;Ação Penal - Procedimento Sumaríssimo;Crimes contra a Flora;Rio Branco do Sul;18/03/2013;00:00:00;;;{'codigo': 1, 'nome': 'Eletrônico'};00007126220138160147;RIO BRANCO DO SUL - VARA CRIMINAL, INFÂNCIA E JUVENTUDE E FAMÍLIA E SUCESSÕES
00004316120138160065;Ação Penal - Procedimento Sumaríssimo;Crimes contra a Flora;Cerro Azul;19/03/2013;16:30:24;;;{'codigo': 1, 'nome': 'Eletrônico'};00004316120138160065;CATANDUVAS - JUÍZO ÚNICO
00004333120138160065;Ação Penal - Procedimento Sumaríssimo;Crimes contra a Flora;Cerro Azul;19/03/2013;16:47:29;;;{'codigo': 1, 'nome': 'Eletrônico'};00004333120138160065;CATANDUVAS - JUÍZO ÚNICO
00004341620138160065;Ação Penal - Procedimento Sumaríssimo;Crimes contra a Flora;Cerro Azul;19/03/2013;16:57:19;;;{'codigo': 1, 'nome': 'Eletrônico'};00004341620138160065;CATANDUVAS - JUÍZO ÚNICO
00013211120148160147;Ação Penal - Procedimento Sumário;Crimes contra a Flora;Rio Branco do Sul;14/03/2014;00:00:00;;;{'codigo': 1, 'nome': 'Eletrônico'};00013211120148160147;RIO BRANCO DO SUL - VARA CRIMINAL, INFÂNCIA E JUVENTUDE E FAMÍLIA E SUCESSÕES
00013202620148160147;Ação Penal - Procedimento Ordinário;Crimes contra a Flora;Rio Branco do Sul;14/03/2014;00:00:00;;;{'codigo': 1, 'nome': 'Eletrônico'};00013202620148160147;RIO BRANCO DO SUL - VARA CRIMINAL, INFÂNCIA E JUVENTUDE E FAMÍLIA E SUCESSÕES
00014388320168160065;Ação Penal - Procedimento Sumário;Crimes contra a Flora;Cerro Azul;30/06/2016;15:43:08;;;{'codigo': 1, 'nome': 'Eletrônico'};00014388320168160065;CATANDUVAS - JUÍZO ÚNICO
00022253120148160147;Ação Penal - Procedimento Sumário;Crimes contra a Flora;Rio Branco do Sul;28/04/2014;00:00:00;;;{'codigo': 1, 'nome': 'Eletrônico'};00022253120148160147;RIO BRANCO DO SUL - VARA CRIMINAL, INFÂNCIA E JUVENTUDE E FAMÍLIA E SUCESSÕES
00022236120148160147;Ação Penal - Procedimento Ordinário;Crimes contra a Flora;Rio Branco do Sul;28/04/2014;00:00:00;;;{'codigo': 1, 'nome': 'Eletrônico'};00022236120148160147;RIO BRANCO DO SUL - VARA CRIMINAL, INFÂNCIA E JUVENTUDE E FAMÍLIA E SUCESSÕES
00009987720228160065;Procedimento Investigatório Criminal (PIC-MP) ;Crimes contra a Flora;Cerro Azul;07/07/2022;12:12:21;;;{'codigo': 1, 'nome': 'Eletrônico'};00009987720228160065;CATANDUVAS - JUÍZO ÚNICO
00017850920228160065;Procedimento Investigatório Criminal (PIC-MP) ;Crimes contra a Flora;Cerro Azul;25/11/2022;11:29:11;;;{'codigo': 1, 'nome': 'Eletrônico'};00017850920228160065;CATANDUVAS - JUÍZO ÚNICO
00024983920168160147;Ação Penal - Procedimento Sumário;Crimes contra a Flora;Rio Branco do Sul;28/07/2016;18:56:57;;;{'codigo': 1, 'nome': 'Eletrônico'};00024983920168160147;RIO BRANCO DO SUL - VARA CRIMINAL, INFÂNCIA E JUVENTUDE E FAMÍLIA E SUCESSÕES
00001519620178160147;Ação Penal - Procedimento Sumário;Crimes contra a Flora;Rio Branco do Sul;19/01/2017;15:19:02;;;{'codigo': 1, 'nome': 'Eletrônico'};00001519620178160147;RIO BRANCO DO SUL - VARA CRIMINAL, INFÂNCIA E JUVENTUDE E FAMÍLIA E SUCESSÕES
00000960320178160065;Ação Penal - Procedimento Sumário;Crimes contra a Flora;Cerro Azul;19/01/2017;16:37:41;;;{'codigo': 1, 'nome': 'Eletrônico'};00000960320178160065;CATANDUVAS - JUÍZO ÚNICO
00032264620178160147;Ação Penal - Procedimento Ordinário;Crimes contra a Flora;Rio Branco do Sul;09/10/2017;17:28:21;;;{'codigo': 1, 'nome': 'Eletrônico'};00032264620178160147;RIO BRANCO DO SUL - VARA CRIMINAL, INFÂNCIA E JUVENTUDE E FAMÍLIA E SUCESSÕES
00024007220178160065;Ação Penal - Procedimento Sumário;Crimes contra a Flora;Cerro Azul;01/12/2017;17:49:17;;;{'codigo': 1, 'nome': 'Eletrônico'};00024007220178160065;CATANDUVAS - JUÍZO ÚNICO
00021351820178160147;Crimes Ambientais;Crimes contra a Flora;Rio Branco do Sul;06/07/2017;16:06:49;;;{'codigo': 1, 'nome': 'Eletrônico'};00021351820178160147;RIO BRANCO DO SUL - VARA CRIMINAL, INFÂNCIA E JUVENTUDE E FAMÍLIA E SUCESSÕES
00024426920178160147;Ação Penal - Procedimento Ordinário;Crimes contra a Flora;Rio Branco do Sul;03/08/2017;13:54:17;;;{'codigo': 1, 'nome': 'Eletrônico'};00024426920178160147;RIO BRANCO DO SUL - VARA CRIMINAL, INFÂNCIA E JUVENTUDE E FAMÍLIA E SUCESSÕES
00046879220138160147;Ação Penal - Procedimento Sumário;Crimes contra a Flora;Rio Branco do Sul;17/12/2013;00:00:00;;;{'codigo': 1, 'nome': 'Eletrônico'};00046879220138160147;RIO BRANCO DO SUL - VARA CRIMINAL, INFÂNCIA E JUVENTUDE E FAMÍLIA E SUCESSÕES
00022045520148160147;Ação Penal - Procedimento Sumário;Crimes contra a Flora;Rio Branco do Sul;28/04/2014;00:00:00;;;{'codigo': 1, 'nome': 'Eletrônico'};00022045520148160147;RIO BRANCO DO SUL - VARA CRIMINAL, INFÂNCIA E JUVENTUDE E FAMÍLIA E SUCESSÕES
00030876520158160147;Ação Penal - Procedimento Sumário;Crimes contra a Flora;Rio Branco do Sul;16/06/2015;13:25:21;;;{'codigo': 1, 'nome': 'Eletrônico'};00030876520158160147;RIO BRANCO DO SUL - VARA CRIMINAL, INFÂNCIA E JUVENTUDE E FAMÍLIA E SUCESSÕES
00000777120198160147;Inquérito Policial;Crimes contra a Flora;Rio Branco do Sul;15/01/2019;14:10:27;;;{'codigo': 1, 'nome': 'Eletrônico'};00000777120198160147;RIO BRANCO DO SUL - VARA CRIMINAL, INFÂNCIA E JUVENTUDE E FAMÍLIA E SUCESSÕES
00035986820128160147;Ação Penal - Procedimento Sumário;Crimes contra a Flora;Rio Branco do Sul;03/09/2012;00:00:00;;;{'codigo': 1, 'nome': 'Eletrônico'};00035986820128160147;RIO BRANCO DO SUL - VARA CRIMINAL, INFÂNCIA E JUVENTUDE E FAMÍLIA E SUCESSÕES
00027132320238160065;Procedimento Investigatório Criminal (PIC-MP) ;Crimes contra a Flora;Cerro Azul;13/12/2023;11:50:02;;;{'codigo': 1, 'nome': 'Eletrônico'};00027132320238160065;CATANDUVAS - JUÍZO ÚNICO
00019804420198160147;Termo Circunstanciado;Crimes contra a Flora;Rio Branco do Sul;04/07/2019;18:17:12;;;{'codigo': 1, 'nome': 'Eletrônico'};00019804420198160147;RIO BRANCO DO SUL - VARA CRIMINAL, INFÂNCIA E JUVENTUDE E FAMÍLIA E SUCESSÕES
00008484920198160147;Ação Penal - Procedimento Sumário;Crimes contra a Flora;Rio Branco do Sul;25/03/2019;17:26:46;;;{'codigo': 1, 'nome': 'Eletrônico'};00008484920198160147;RIO BRANCO DO SUL - VARA CRIMINAL, INFÂNCIA E JUVENTUDE E FAMÍLIA E SUCESSÕES
00022725820218160147;Termo Circunstanciado;Crimes contra a Flora;Rio Branco do Sul;25/08/2021;12:01:37;;;{'codigo': 1, 'nome': 'Eletrônico'};00022725820218160147;RIO BRANCO DO SUL - JUIZADO ESPECIAL CÍVEL, CRIMINAL E DA FAZENDA PÚBLICA
00037252020238160147;Termo Circunstanciado;Crimes contra a Flora;Rio Branco do Sul;21/11/2023;10:56:01;;;{'codigo': 1, 'nome': 'Eletrônico'};00037252020238160147;RIO BRANCO DO SUL - JUIZADO ESPECIAL CÍVEL, CRIMINAL E DA FAZENDA PÚBLICA
00000201420238160147;Ação Penal - Procedimento Sumaríssimo;Crimes contra a Flora;Rio Branco do Sul;06/01/2023;10:26:18;;;{'codigo': 1, 'nome': 'Eletrônico'};00000201420238160147;RIO BRANCO DO SUL - JUIZADO ESPECIAL CÍVEL, CRIMINAL E DA FAZENDA PÚBLICA
00024088420238160147;Termo Circunstanciado;Crimes contra a Flora;Rio Branco do Sul;31/07/2023;10:03:19;;;{'codigo': 1, 'nome': 'Eletrônico'};00024088420238160147;RIO BRANCO DO SUL - JUIZADO ESPECIAL CÍVEL, CRIMINAL E DA FAZENDA PÚBLICA
00036545720198160147;Carta Precatória Criminal;Crimes contra a Flora;Rio Branco do Sul;22/11/2019;21:00:06;;;{'codigo': 1, 'nome': 'Eletrônico'};00036545720198160147;RIO BRANCO DO SUL - VARA CRIMINAL, INFÂNCIA E JUVENTUDE E FAMÍLIA E SUCESSÕES
00037089120178160147;Carta Precatória Criminal;Crimes contra a Flora;Rio Branco do Sul;22/11/2017;09:30:11;;;{'codigo': 1, 'nome': 'Eletrônico'};00037089120178160147;RIO BRANCO DO SUL - VARA CRIMINAL, INFÂNCIA E JUVENTUDE E FAMÍLIA E SUCESSÕES
00039467620188160147;Termo Circunstanciado;Crimes contra a Flora;Rio Branco do Sul;11/12/2018;16:06:24;;;{'codigo': 1, 'nome': 'Eletrônico'};00039467620188160147;RIO BRANCO DO SUL - JUIZADO ESPECIAL CÍVEL, CRIMINAL E DA FAZENDA PÚBLICA
00016221120218160147;Termo Circunstanciado;Crimes contra a Flora;Rio Branco do Sul;05/06/2021;13:39:10;;;{'codigo': 1, 'nome': 'Eletrônico'};00016221120218160147;RIO BRANCO DO SUL - JUIZADO ESPECIAL CÍVEL, CRIMINAL E DA FAZENDA PÚBLICA
00019114120218160147;Termo Circunstanciado;Crimes contra a Flora;Rio Branco do Sul;02/07/2021;19:07:16;;;{'codigo': 1, 'nome': 'Eletrônico'};00019114120218160147;RIO BRANCO DO SUL - JUIZADO ESPECIAL CÍVEL, CRIMINAL E DA FAZENDA PÚBLICA
00034954120248160147;Termo Circunstanciado;Crimes contra a Flora;Rio Branco do Sul;05/11/2024;14:38:13;;;{'codigo': 1, 'nome': 'Eletrônico'};00034954120248160147;RIO BRANCO DO SUL - JUIZADO ESPECIAL CÍVEL, CRIMINAL E DA FAZENDA PÚBLICA
00178264320238160024;Termo Circunstanciado;Crimes contra a Flora;Rio Branco do Sul;25/11/2023;19:21:13;;;{'codigo': 1, 'nome': 'Eletrônico'};00178264320238160024;RIO BRANCO DO SUL - JUIZADO ESPECIAL CÍVEL, CRIMINAL E DA FAZENDA PÚBLICA
00036296020198160174;Termo Circunstanciado;Crimes contra a Flora;Bocaiúva do Sul;22/04/2019;12:48:48;;;{'codigo': 1, 'nome': 'Eletrônico'};00036296020198160174;UNIÃO DA VITÓRIA - JUIZADO ESPECIAL CÍVEL, CRIMINAL E DA FAZENDA PÚBLICA
00000794120198160147;Termo Circunstanciado;Crimes contra a Flora;Rio Branco do Sul;15/01/2019;14:28:32;;;{'codigo': 1, 'nome': 'Eletrônico'};00000794120198160147;RIO BRANCO DO SUL - JUIZADO ESPECIAL CÍVEL, CRIMINAL E DA FAZENDA PÚBLICA
00008606320198160147;Inquérito Policial;Crimes contra a Flora;Rio Branco do Sul;25/03/2019;18:34:26;;;{'codigo': 1, 'nome': 'Eletrônico'};00008606320198160147;RIO BRANCO DO SUL - JUIZADO ESPECIAL CÍVEL, CRIMINAL E DA FAZENDA PÚBLICA
00064451520198160174;Procedimento Investigatório Criminal (PIC-MP) ;Crimes contra a Flora;Bocaiúva do Sul;19/07/2019;16:03:29;;;{'codigo': 1, 'nome': 'Eletrônico'};00064451520198160174;UNIÃO DA VITÓRIA - JUIZADO ESPECIAL CÍVEL, CRIMINAL E DA FAZENDA PÚBLICA
00000293920248160147;Termo Circunstanciado;Crimes contra a Flora;Rio Branco do Sul;09/01/2024;10:00:03;;;{'codigo': 1, 'nome': 'Eletrônico'};00000293920248160147;RIO BRANCO DO SUL - JUIZADO ESPECIAL CÍVEL, CRIMINAL E DA FAZENDA PÚBLICA
00002699620228160147;Termo Circunstanciado;Crimes contra a Flora;Rio Branco do Sul;03/02/2022;10:42:16;;;{'codigo': 1, 'nome': 'Eletrônico'};00002699620228160147;RIO BRANCO DO SUL - JUIZADO ESPECIAL CÍVEL, CRIMINAL E DA FAZENDA PÚBLICA
00022037020148160147;Inquérito Policial;Crimes contra a Flora;Rio Branco do Sul;28/04/2014;00:00:00;;;{'codigo': 1, 'nome': 'Eletrônico'};00022037020148160147;RIO BRANCO DO SUL - VARA CRIMINAL, INFÂNCIA E JUVENTUDE E FAMÍLIA E SUCESSÕES
00003827320208160065;Carta Precatória Criminal;Crimes contra a Flora;Cerro Azul;04/02/2020;19:00:38;;;{'codigo': 1, 'nome': 'Eletrônico'};00003827320208160065;CATANDUVAS - JUÍZO ÚNICO
00008238820198160065;Inquérito Policial;Crimes contra a Flora;Cerro Azul;05/04/2019;10:11:49;;;{'codigo': 1, 'nome': 'Eletrônico'};00008238820198160065;CATANDUVAS - JUÍZO ÚNICO
00014375920208160065;Inquérito Policial;Crimes contra a Flora;Cerro Azul;17/06/2020;10:18:18;;;{'codigo': 1, 'nome': 'Eletrônico'};00014375920208160065;CATANDUVAS - JUÍZO ÚNICO
00000785620198160147;Inquérito Policial;Crimes contra a Flora;Rio Branco do Sul;15/01/2019;14:22:36;;;{'codigo': 1, 'nome': 'Eletrônico'};00000785620198160147;RIO BRANCO DO SUL - VARA CRIMINAL, INFÂNCIA E JUVENTUDE E FAMÍLIA E SUCESSÕES
00024188320238160065;Procedimento Investigatório Criminal (PIC-MP) ;Crimes contra a Flora;Cerro Azul;08/11/2023;12:41:40;;;{'codigo': 1, 'nome': 'Eletrônico'};00024188320238160065;CATANDUVAS - JUÍZO ÚNICO
00009254720188160065;Ação Penal - Procedimento Sumário;Crimes contra a Flora;Cerro Azul;08/05/2018;13:56:05;;;{'codigo': 1, 'nome': 'Eletrônico'};00009254720188160065;CATANDUVAS - JUÍZO ÚNICO
00000888420218160065;Ação Penal - Procedimento Sumário;Crimes contra a Flora;Cerro Azul;22/01/2021;12:39:05;;;{'codigo': 1, 'nome': 'Eletrônico'};00000888420218160065;CATANDUVAS - JUÍZO ÚNICO
00011315620218160065;Procedimento Investigatório Criminal (PIC-MP) ;Crimes contra a Flora;Cerro Azul;12/08/2021;11:49:48;;;{'codigo': 1, 'nome': 'Eletrônico'};00011315620218160065;CATANDUVAS - JUÍZO ÚNICO
00013628820188160065;Ação Penal - Procedimento Sumário;Crimes contra a Flora;Cerro Azul;06/07/2018;18:59:10;;;{'codigo': 1, 'nome': 'Eletrônico'};00013628820188160065;CATANDUVAS - JUÍZO ÚNICO
00008601820198160065;Carta Precatória Criminal;Crimes contra a Flora;Cerro Azul;05/04/2019;19:30:07;;;{'codigo': 1, 'nome': 'Eletrônico'};00008601820198160065;CATANDUVAS - JUÍZO ÚNICO
00002083020218160065;Carta Precatória Criminal;Crimes contra a Flora;Cerro Azul;12/02/2021;14:00:03;;;{'codigo': 1, 'nome': 'Eletrônico'};00002083020218160065;CATANDUVAS - JUÍZO ÚNICO
00003747820198160147;Inquérito Policial;Crimes contra a Flora;Rio Branco do Sul;08/02/2019;13:53:16;;;{'codigo': 1, 'nome': 'Eletrônico'};00003747820198160147;RIO BRANCO DO SUL - VARA CRIMINAL, INFÂNCIA E JUVENTUDE E FAMÍLIA E SUCESSÕES
00007120720198160065;Inquérito Policial;Crimes contra a Flora;Cerro Azul;27/03/2019;14:59:35;;;{'codigo': 1, 'nome': 'Eletrônico'};00007120720198160065;CATANDUVAS - JUÍZO ÚNICO
00010831620198160147;Inquérito Policial;Crimes contra a Flora;Rio Branco do Sul;10/04/2019;17:43:46;;;{'codigo': 1, 'nome': 'Eletrônico'};00010831620198160147;RIO BRANCO DO SUL - VARA CRIMINAL, INFÂNCIA E JUVENTUDE E FAMÍLIA E SUCESSÕES
00055698320158160147;Ação Penal - Procedimento Ordinário;Crimes contra a Flora;Rio Branco do Sul;06/11/2015;11:40:19;;;{'codigo': 1, 'nome': 'Eletrônico'};00055698320158160147;RIO BRANCO DO SUL - VARA CRIMINAL, INFÂNCIA E JUVENTUDE E FAMÍLIA E SUCESSÕES
00035995320128160147;Ação Penal - Procedimento Sumário;Crimes contra a Flora;Rio Branco do Sul;03/09/2012;00:00:00;;;{'codigo': 1, 'nome': 'Eletrônico'};00035995320128160147;RIO BRANCO DO SUL - VARA CRIMINAL, INFÂNCIA E JUVENTUDE E FAMÍLIA E SUCESSÕES
00002171820138160147;Inquérito Policial;Crimes contra a Flora;Rio Branco do Sul;24/01/2013;00:00:00;;;{'codigo': 1, 'nome': 'Eletrônico'};00002171820138160147;RIO BRANCO DO SUL - VARA CRIMINAL, INFÂNCIA E JUVENTUDE E FAMÍLIA E SUCESSÕES
00000978520178160065;Ação Penal - Procedimento Sumário;Crimes contra a Flora;Cerro Azul;19/01/2017;16:40:57;;;{'codigo': 1, 'nome': 'Eletrônico'};00000978520178160065;CATANDUVAS - JUÍZO ÚNICO
00001107920208160065;Inquérito Policial;Crimes contra a Flora;Cerro Azul;13/01/2020;15:03:23;;;{'codigo': 1, 'nome': 'Eletrônico'};00001107920208160065;CATANDUVAS - JUÍZO ÚNICO
00010951420218160065;Procedimento Investigatório Criminal (PIC-MP) ;Crimes contra a Flora;Cerro Azul;04/08/2021;09:33:15;;;{'codigo': 1, 'nome': 'Eletrônico'};00010951420218160065;CATANDUVAS - JUÍZO ÚNICO
00008552520218160065;Procedimento Investigatório Criminal (PIC-MP) ;Crimes contra a Flora;Cerro Azul;18/06/2021;13:38:06;;;{'codigo': 1, 'nome': 'Eletrônico'};00008552520218160065;CATANDUVAS - JUÍZO ÚNICO
00068801220158160147;Crimes Ambientais;Crimes contra a Flora;Rio Branco do Sul;18/12/2015;13:20:11;;;{'codigo': 1, 'nome': 'Eletrônico'};00068801220158160147;RIO BRANCO DO SUL - VARA CRIMINAL, INFÂNCIA E JUVENTUDE E FAMÍLIA E SUCESSÕES
00008507120198160065;Inquérito Policial;Crimes contra a Flora;Cerro Azul;05/04/2019;13:04:58;;;{'codigo': 1, 'nome': 'Eletrônico'};00008507120198160065;CATANDUVAS - JUÍZO ÚNICO
00003773320198160147;Ação Penal - Procedimento Sumário;Crimes contra a Flora;Rio Branco do Sul;08/02/2019;14:06:36;;;{'codigo': 1, 'nome': 'Eletrônico'};00003773320198160147;RIO BRANCO DO SUL - VARA CRIMINAL, INFÂNCIA E JUVENTUDE E FAMÍLIA E SUCESSÕES
00002247620248160065;Carta Precatória Criminal;Crimes contra a Flora;Cerro Azul;29/01/2024;15:38:42;;;{'codigo': 1, 'nome': 'Eletrônico'};00002247620248160065;CATANDUVAS - JUÍZO ÚNICO
00024418420178160147;Inquérito Policial;Esbulho possessório, Crimes contra a Flora;Rio Branco do Sul;03/08/2017;13:49:21;;;{'codigo': 1, 'nome': 'Eletrônico'};00024418420178160147;RIO BRANCO DO SUL - VARA CRIMINAL, INFÂNCIA E JUVENTUDE E FAMÍLIA E SUCESSÕES
00312471720208160021;Ação Penal - Procedimento Ordinário;Crimes contra a Fauna, Crimes do Sistema Nacional de Armas;Cerro Azul;06/10/2020;09:40:47;;;{'codigo': 1, 'nome': 'Eletrônico'};00312471720208160021;CATANDUVAS - JUÍZO ÚNICO
00019295620178160065;Ação Penal - Procedimento Ordinário;Crimes do Sistema Nacional de Armas, Crimes contra a Fauna;Cerro Azul;02/10/2017;16:40:39;;;{'codigo': 1, 'nome': 'Eletrônico'};00019295620178160065;CATANDUVAS - JUÍZO ÚNICO
00005244820188160065;Ação Penal - Procedimento Ordinário;Crimes do Sistema Nacional de Armas, Crimes contra a Fauna;Cerro Azul;19/03/2018;18:37:09;;;{'codigo': 1, 'nome': 'Eletrônico'};00005244820188160065;CATANDUVAS - JUÍZO ÚNICO
00005028720188160065;Ação Penal - Procedimento Ordinário;Crimes do Sistema Nacional de Armas, Crimes contra a Fauna;Cerro Azul;19/03/2018;13:46:15;;;{'codigo': 1, 'nome': 'Eletrônico'};00005028720188160065;CATANDUVAS - JUÍZO ÚNICO
00019408520178160065;Ação Penal - Procedimento Ordinário;Crimes do Sistema Nacional de Armas, Crimes contra a Fauna;Cerro Azul;03/10/2017;10:08:56;;;{'codigo': 1, 'nome': 'Eletrônico'};00019408520178160065;CATANDUVAS - JUÍZO ÚNICO
00000082320218160065;Carta Precatória Criminal;Crimes do Sistema Nacional de Armas, Crimes contra a Fauna;Cerro Azul;07/01/2021;10:30:06;;;{'codigo': 1, 'nome': 'Eletrônico'};00000082320218160065;CATANDUVAS - JUÍZO ÚNICO
00021522020188160147;Ação Civil Pública;Antecipação de Tutela / Tutela Específica, Multa Cominatória / Astreintes, Poluição, Irregularidade no atendimento;Rio Branco do Sul;06/07/2018;11:54:59;;;{'codigo': 1, 'nome': 'Eletrônico'};00021522020188160147;RIO BRANCO DO SUL - VARA CÍVEL, DA FAZENDA PÚBLICA, ACIDENTES DO TRABALHO, REGISTROS PÚBLICOS E CORREGEDORIA DO FORO EXTRAJUDICIAL
00039022320198160147;Ação Penal - Procedimento Ordinário;Crimes do Sistema Nacional de Armas, Crimes contra a Flora;Rio Branco do Sul;14/12/2019;20:52:23;;;{'codigo': 1, 'nome': 'Eletrônico'};00039022320198160147;RIO BRANCO DO SUL - VARA CRIMINAL, INFÂNCIA E JUVENTUDE E FAMÍLIA E SUCESSÕES
00012341620188160147;Cumprimento de sentença;Antecipação de Tutela / Tutela Específica, Dano Ambiental, Parcelamento do Solo, Moradia, Irregularidade no atendimento;Rio Branco do Sul;20/04/2018;12:07:54;;;{'codigo': 1, 'nome': 'Eletrônico'};00012341620188160147;RIO BRANCO DO SUL - VARA CÍVEL, DA FAZENDA PÚBLICA, ACIDENTES DO TRABALHO, REGISTROS PÚBLICOS E CORREGEDORIA DO FORO EXTRAJUDICIAL
